-- phpMyAdmin SQL Dump
-- version 5.0.1
-- https://www.phpmyadmin.net/
--
-- Hôte : 127.0.0.1
-- Généré le : mer. 22 avr. 2020 à 03:19
-- Version du serveur :  10.4.11-MariaDB
-- Version de PHP : 7.4.2

SET SQL_MODE = "NO_AUTO_VALUE_ON_ZERO";
SET AUTOCOMMIT = 0;
START TRANSACTION;
SET time_zone = "+00:00";


/*!40101 SET @OLD_CHARACTER_SET_CLIENT=@@CHARACTER_SET_CLIENT */;
/*!40101 SET @OLD_CHARACTER_SET_RESULTS=@@CHARACTER_SET_RESULTS */;
/*!40101 SET @OLD_COLLATION_CONNECTION=@@COLLATION_CONNECTION */;
/*!40101 SET NAMES utf8mb4 */;

--
-- Base de données : `eapi`
--

-- --------------------------------------------------------

--
-- Structure de la table `failed_jobs`
--

CREATE TABLE `failed_jobs` (
  `id` bigint(20) UNSIGNED NOT NULL,
  `connection` text COLLATE utf8mb4_unicode_ci NOT NULL,
  `queue` text COLLATE utf8mb4_unicode_ci NOT NULL,
  `payload` longtext COLLATE utf8mb4_unicode_ci NOT NULL,
  `exception` longtext COLLATE utf8mb4_unicode_ci NOT NULL,
  `failed_at` timestamp NOT NULL DEFAULT current_timestamp()
) ENGINE=InnoDB DEFAULT CHARSET=utf8mb4 COLLATE=utf8mb4_unicode_ci;

-- --------------------------------------------------------

--
-- Structure de la table `migrations`
--

CREATE TABLE `migrations` (
  `id` int(10) UNSIGNED NOT NULL,
  `migration` varchar(255) COLLATE utf8mb4_unicode_ci NOT NULL,
  `batch` int(11) NOT NULL
) ENGINE=InnoDB DEFAULT CHARSET=utf8mb4 COLLATE=utf8mb4_unicode_ci;

--
-- Déchargement des données de la table `migrations`
--

INSERT INTO `migrations` (`id`, `migration`, `batch`) VALUES
(1, '2014_10_12_000000_create_users_table', 1),
(2, '2019_08_19_000000_create_failed_jobs_table', 1),
(3, '2020_04_20_224250_create_products_table', 1),
(4, '2020_04_20_224636_create_reviews_table', 1);

-- --------------------------------------------------------

--
-- Structure de la table `products`
--

CREATE TABLE `products` (
  `id` int(10) UNSIGNED NOT NULL,
  `name` varchar(255) COLLATE utf8mb4_unicode_ci NOT NULL,
  `detail` text COLLATE utf8mb4_unicode_ci NOT NULL,
  `price` int(11) NOT NULL,
  `stock` int(11) NOT NULL,
  `discount` int(11) NOT NULL,
  `created_at` timestamp NULL DEFAULT NULL,
  `updated_at` timestamp NULL DEFAULT NULL
) ENGINE=InnoDB DEFAULT CHARSET=utf8mb4 COLLATE=utf8mb4_unicode_ci;

--
-- Déchargement des données de la table `products`
--

INSERT INTO `products` (`id`, `name`, `detail`, `price`, `stock`, `discount`, `created_at`, `updated_at`) VALUES
(1, 'error', 'Nostrum quidem in alias unde maiores tempora eos. Rerum nesciunt qui hic modi maxime ut. Consequatur sit sint quo distinctio voluptatem. Praesentium voluptas voluptatem sapiente odio qui.', 150, 7, 6, '2020-04-22 00:16:54', '2020-04-22 00:16:54'),
(2, 'ipsam', 'Est doloremque at maxime et ut soluta impedit similique. Quibusdam minus dolorem quia qui odio aut. In reiciendis inventore praesentium voluptatem. Totam omnis ducimus ut eos.', 110, 4, 21, '2020-04-22 00:16:54', '2020-04-22 00:16:54'),
(3, 'esse', 'Iusto mollitia minima quia qui sint deleniti. Quo cupiditate quod sapiente natus ut soluta. Commodi veniam amet ratione cupiditate quod eos rerum. Accusantium occaecati ea minus ipsa possimus.', 667, 7, 14, '2020-04-22 00:16:54', '2020-04-22 00:16:54'),
(4, 'quasi', 'Consequatur quo praesentium sint pariatur. Omnis commodi odio ad deleniti veritatis quis architecto. Sit libero nam deserunt omnis.', 572, 9, 15, '2020-04-22 00:16:54', '2020-04-22 00:16:54'),
(5, 'in', 'Ut suscipit assumenda sint saepe quisquam at quo. Optio nostrum rem ducimus eligendi. Accusamus aut quasi culpa qui ab.', 113, 5, 7, '2020-04-22 00:16:54', '2020-04-22 00:16:54'),
(6, 'repellendus', 'Quia animi et molestiae dolor sit eos dolores. Velit id et voluptas sunt et. Veritatis qui commodi totam hic aliquid autem. Ea distinctio occaecati perspiciatis. Itaque maiores sed adipisci accusamus eius minima inventore.', 101, 2, 28, '2020-04-22 00:16:54', '2020-04-22 00:16:54'),
(7, 'inventore', 'Earum dicta harum incidunt adipisci enim nesciunt dolor. Magnam consequuntur aut voluptatem atque dolores. Suscipit distinctio placeat ratione odio.', 265, 3, 24, '2020-04-22 00:16:54', '2020-04-22 00:16:54'),
(8, 'voluptatibus', 'Tempore repudiandae aut modi nisi neque. Accusantium dolorum consequuntur unde assumenda. Quae velit quia nemo consequatur.', 883, 3, 6, '2020-04-22 00:16:54', '2020-04-22 00:16:54'),
(9, 'iusto', 'Vitae enim non commodi recusandae iste aut soluta. Cum et rem et ut quae. Quod numquam quas maxime non et temporibus sit. Et id iusto voluptatem asperiores mollitia. Minus non aut omnis aperiam quod modi.', 596, 1, 23, '2020-04-22 00:16:54', '2020-04-22 00:16:54'),
(10, 'adipisci', 'Distinctio debitis consequatur rerum est quisquam aut. Sit et laborum voluptas velit dicta. Aliquid quod deleniti debitis non magni molestias.', 901, 5, 20, '2020-04-22 00:16:54', '2020-04-22 00:16:54'),
(11, 'enim', 'Et vero sed nisi aut. Omnis quia assumenda et accusantium eius. Iusto quia a maiores quidem soluta.', 711, 0, 14, '2020-04-22 00:16:54', '2020-04-22 00:16:54'),
(12, 'praesentium', 'Odit dicta assumenda consequatur delectus. Culpa sunt deleniti ut sit asperiores ex numquam. Beatae alias consequatur et porro atque ut. Ut eum reprehenderit ex accusamus veritatis culpa et.', 933, 7, 21, '2020-04-22 00:16:54', '2020-04-22 00:16:54'),
(13, 'odio', 'Aut quam voluptatem deleniti sapiente. Ut eos nihil fugit non consectetur. Quo rem nam ut facere modi animi sint nihil.', 158, 6, 26, '2020-04-22 00:16:54', '2020-04-22 00:16:54'),
(14, 'adipisci', 'Aut ex cupiditate ipsam tempora ratione voluptatem voluptate voluptatem. Quibusdam ea quia repudiandae autem accusantium. Ea velit aliquid sunt corrupti sint. Repellendus nisi labore dolor omnis non atque debitis.', 582, 7, 21, '2020-04-22 00:16:54', '2020-04-22 00:16:54'),
(15, 'cumque', 'Suscipit totam est repellat non. Nulla ipsa ex dolorem ducimus est itaque. Eos est est dolores dignissimos et soluta qui.', 353, 0, 20, '2020-04-22 00:16:54', '2020-04-22 00:16:54'),
(16, 'ratione', 'Officiis vel minus iure est. Unde esse maxime voluptas id. Numquam quis corrupti rerum et.', 935, 6, 10, '2020-04-22 00:16:55', '2020-04-22 00:16:55'),
(17, 'aspernatur', 'Est adipisci accusantium hic dolorem. Voluptatem omnis delectus omnis qui deserunt. Sunt ullam est autem beatae.', 173, 2, 28, '2020-04-22 00:16:55', '2020-04-22 00:16:55'),
(18, 'ad', 'Fuga voluptatem accusantium neque. Quia corrupti nihil illum unde debitis corporis adipisci. Debitis dolorem voluptate vitae ea.', 100, 0, 21, '2020-04-22 00:16:55', '2020-04-22 00:16:55'),
(19, 'et', 'Aut quidem eveniet quos deleniti quia doloribus. Eligendi excepturi officia ut est. Et voluptatem repellendus quis sed accusantium. Ut quisquam architecto aspernatur sed vel repellendus ducimus. Consequuntur autem repellat voluptatem maiores cumque ut.', 205, 0, 30, '2020-04-22 00:16:55', '2020-04-22 00:16:55'),
(20, 'et', 'Iste ut id eos qui earum sit. Esse animi aut ut quam magni porro odit. Id a cumque consequuntur et quam odio.', 930, 5, 12, '2020-04-22 00:16:55', '2020-04-22 00:16:55'),
(21, 'voluptatem', 'Expedita hic debitis ut aperiam. Consequuntur nesciunt corporis assumenda neque. Maiores aspernatur beatae ipsam distinctio.', 633, 7, 3, '2020-04-22 00:16:55', '2020-04-22 00:16:55'),
(22, 'ipsam', 'Sunt ex ad nihil ipsa. Qui reprehenderit quasi vero temporibus quisquam sit exercitationem. Voluptas saepe est laborum reiciendis ratione voluptatem adipisci. Adipisci cupiditate facilis officia et.', 721, 7, 22, '2020-04-22 00:16:55', '2020-04-22 00:16:55'),
(23, 'nisi', 'Voluptatibus tempore unde suscipit ut deleniti. Laborum eligendi accusamus ratione repellat aut quas. Sapiente molestiae culpa temporibus sequi ex.', 482, 3, 12, '2020-04-22 00:16:55', '2020-04-22 00:16:55'),
(24, 'sed', 'Dolores ipsam nobis qui. Omnis ea est incidunt quam.', 990, 9, 20, '2020-04-22 00:16:55', '2020-04-22 00:16:55'),
(25, 'ducimus', 'Quidem qui corporis ex porro. Omnis velit voluptas et non velit similique atque. Assumenda alias impedit suscipit aut consequuntur est.', 460, 6, 2, '2020-04-22 00:16:55', '2020-04-22 00:16:55'),
(26, 'iste', 'Est voluptates debitis enim voluptatem distinctio. Sit hic omnis quae autem tempore et labore. Temporibus at numquam est et et voluptatem quos eum.', 258, 7, 2, '2020-04-22 00:16:55', '2020-04-22 00:16:55'),
(27, 'tempore', 'Voluptates qui quo beatae molestiae sapiente. At qui qui molestias dolorum amet iste. Repellat occaecati molestias laboriosam praesentium ut.', 550, 9, 22, '2020-04-22 00:16:55', '2020-04-22 00:16:55'),
(28, 'doloribus', 'Aut sed at provident beatae rerum ut. Rem corporis voluptas ut vel molestiae. Nostrum iste qui aliquid nobis doloribus laudantium placeat. Qui dignissimos iusto voluptatem itaque odio.', 527, 4, 29, '2020-04-22 00:16:55', '2020-04-22 00:16:55'),
(29, 'architecto', 'Voluptatum commodi fuga quo veniam atque sit et velit. Architecto enim hic repudiandae nihil. Quia facere sed omnis fuga. Explicabo similique necessitatibus earum sit sequi est.', 182, 0, 2, '2020-04-22 00:16:55', '2020-04-22 00:16:55'),
(30, 'quis', 'Animi dolorem velit totam vel maiores repudiandae molestiae. Nam voluptates similique quisquam. Nam ea placeat alias maiores voluptas omnis incidunt dignissimos.', 159, 8, 25, '2020-04-22 00:16:55', '2020-04-22 00:16:55'),
(31, 'omnis', 'Qui illo impedit molestiae. Blanditiis minima excepturi numquam velit rem. Dolorum iure tempora magni eaque incidunt sint. Voluptatem sit facere consequatur error a nulla. Occaecati aut blanditiis et sed et voluptatibus.', 826, 0, 16, '2020-04-22 00:16:55', '2020-04-22 00:16:55'),
(32, 'adipisci', 'Voluptatem dolores aliquid distinctio. Repellat suscipit modi pariatur a. Repellendus mollitia et porro nesciunt rerum voluptate.', 438, 0, 8, '2020-04-22 00:16:55', '2020-04-22 00:16:55'),
(33, 'doloremque', 'Nihil omnis eos repudiandae soluta quidem. Facilis aliquid et unde ut nemo. Illo quam sunt autem minus voluptatem repudiandae et ullam.', 571, 2, 10, '2020-04-22 00:16:55', '2020-04-22 00:16:55'),
(34, 'fugiat', 'Libero repellendus rem corporis mollitia ipsam consequatur expedita. Aspernatur rem quia tenetur voluptatem suscipit id ut. Quam rem veniam et quo voluptates.', 437, 2, 14, '2020-04-22 00:16:55', '2020-04-22 00:16:55'),
(35, 'provident', 'Autem quo ipsa impedit labore nesciunt. Inventore mollitia et recusandae eos. Maiores saepe dicta harum dolor.', 284, 2, 11, '2020-04-22 00:16:55', '2020-04-22 00:16:55'),
(36, 'officia', 'Excepturi et est beatae odio. Officiis et excepturi voluptas corrupti. Rem exercitationem at rerum sint nam tenetur.', 948, 1, 29, '2020-04-22 00:16:55', '2020-04-22 00:16:55'),
(37, 'iusto', 'Dignissimos impedit officiis dolore voluptatem asperiores corrupti quas. Cum molestias debitis repellendus ut doloribus. Ea eos illum vitae natus repellat quia.', 657, 2, 15, '2020-04-22 00:16:55', '2020-04-22 00:16:55'),
(38, 'iure', 'At dicta ut placeat sed suscipit. Iusto quia alias iure numquam aspernatur soluta. Voluptas autem quibusdam dolorem dolores.', 268, 6, 22, '2020-04-22 00:16:55', '2020-04-22 00:16:55'),
(39, 'eius', 'Ullam deserunt ex aliquid laborum explicabo. Assumenda debitis accusamus ut tempore ratione et. Et est fuga consequatur.', 614, 0, 23, '2020-04-22 00:16:55', '2020-04-22 00:16:55'),
(40, 'qui', 'Eius odit veritatis facilis et. Blanditiis incidunt ducimus ipsa veritatis dolores sapiente fuga. Voluptatem sed dolor beatae voluptates cumque dicta illo. Et nihil nesciunt nam tenetur sunt.', 793, 0, 22, '2020-04-22 00:16:55', '2020-04-22 00:16:55'),
(41, 'inventore', 'Quia ut quia excepturi mollitia. Dicta veniam aut sunt et sed vel sunt. Deleniti non quisquam itaque magnam enim in quia ut.', 528, 8, 26, '2020-04-22 00:16:55', '2020-04-22 00:16:55'),
(42, 'voluptatem', 'Sunt quisquam nisi quas quaerat. Rerum dignissimos aut eius vitae. Ut ut tempore rerum vitae rerum sit harum. Cum laborum quisquam quos blanditiis tempore est eveniet ab. Dolor explicabo illo rerum reiciendis labore nam.', 618, 7, 8, '2020-04-22 00:16:55', '2020-04-22 00:16:55'),
(43, 'amet', 'Itaque dicta voluptas ipsam eaque quo minima est rem. Corporis dolor excepturi eveniet recusandae. Odio itaque dolorum sapiente laborum. Est incidunt facere ut odio.', 677, 3, 16, '2020-04-22 00:16:55', '2020-04-22 00:16:55'),
(44, 'fugiat', 'Et enim officia necessitatibus eligendi tenetur. Eos in libero nihil velit non. Vero adipisci optio voluptatem similique qui consectetur. Ullam molestias assumenda est dolor odit. Perferendis et consequatur ut molestiae neque.', 452, 5, 28, '2020-04-22 00:16:55', '2020-04-22 00:16:55'),
(45, 'et', 'Quod dolores voluptates ea id et ex. Quas omnis id at cum quia autem inventore. Inventore facilis eos quibusdam doloremque.', 861, 3, 27, '2020-04-22 00:16:55', '2020-04-22 00:16:55'),
(46, 'velit', 'Quos ea ea tempore. Quaerat non reprehenderit accusamus eius neque. Placeat ad saepe harum labore repellendus sint in soluta.', 675, 3, 20, '2020-04-22 00:16:55', '2020-04-22 00:16:55'),
(47, 'ullam', 'Eveniet magnam ipsum voluptas. Sint eaque ut molestiae autem excepturi quisquam ea. Eum dolor consectetur labore quisquam excepturi atque. Ut est commodi ex dolorem est dolores. Cum vitae eveniet dignissimos nesciunt debitis.', 315, 6, 28, '2020-04-22 00:16:55', '2020-04-22 00:16:55'),
(48, 'quam', 'Tempore fugiat quidem asperiores omnis. Saepe unde qui voluptas quas dolor odit quis. Perferendis inventore itaque quo.', 299, 6, 20, '2020-04-22 00:16:56', '2020-04-22 00:16:56'),
(49, 'dolorem', 'Velit ut consequatur ex minima et veritatis magnam quae. Vitae ab maiores nisi ducimus eos quis temporibus.', 742, 0, 25, '2020-04-22 00:16:56', '2020-04-22 00:16:56'),
(50, 'necessitatibus', 'Quod ducimus iure numquam dolor optio et itaque. Sunt in et qui consequatur quo. Inventore ut rerum necessitatibus aliquam ut.', 638, 7, 15, '2020-04-22 00:16:56', '2020-04-22 00:16:56');

-- --------------------------------------------------------

--
-- Structure de la table `reviews`
--

CREATE TABLE `reviews` (
  `id` int(10) UNSIGNED NOT NULL,
  `product_id` int(10) UNSIGNED NOT NULL,
  `customer` varchar(255) COLLATE utf8mb4_unicode_ci NOT NULL,
  `review` text COLLATE utf8mb4_unicode_ci NOT NULL,
  `star` int(11) NOT NULL,
  `created_at` timestamp NULL DEFAULT NULL,
  `updated_at` timestamp NULL DEFAULT NULL
) ENGINE=InnoDB DEFAULT CHARSET=utf8mb4 COLLATE=utf8mb4_unicode_ci;

--
-- Déchargement des données de la table `reviews`
--

INSERT INTO `reviews` (`id`, `product_id`, `customer`, `review`, `star`, `created_at`, `updated_at`) VALUES
(1, 46, 'Scottie Zieme', 'Fugiat ut praesentium nostrum ut. Non voluptates error voluptas.', 2, '2020-04-22 00:16:56', '2020-04-22 00:16:56'),
(2, 29, 'Dr. Easton Powlowski IV', 'Nemo repellendus deserunt illo tempora cupiditate magni. Tempora in corporis sunt rerum aspernatur et.', 3, '2020-04-22 00:16:56', '2020-04-22 00:16:56'),
(3, 38, 'Mr. Preston Flatley II', 'Aliquam dolores est magnam maiores veniam. Ea totam nihil fuga alias. Doloremque maxime perspiciatis deleniti asperiores et enim non. Quaerat fuga illum laudantium at temporibus excepturi possimus ipsa.', 4, '2020-04-22 00:16:56', '2020-04-22 00:16:56'),
(4, 9, 'Lori Cruickshank', 'Animi incidunt aliquid quod ipsum esse ut. Voluptas repellendus est quis maxime vel quos. Eveniet accusantium molestiae asperiores in. Quis et nulla est soluta eligendi.', 5, '2020-04-22 00:16:56', '2020-04-22 00:16:56'),
(5, 36, 'Eloy Swaniawski', 'Culpa odit nemo nam reiciendis. Delectus officiis distinctio officiis et. Officia velit et facere minus repellendus.', 1, '2020-04-22 00:16:56', '2020-04-22 00:16:56'),
(6, 34, 'Tre Willms MD', 'Mollitia harum maiores reiciendis magni. Reiciendis dolores est sint quo et. Numquam ex aut sapiente necessitatibus sequi dolor quidem.', 2, '2020-04-22 00:16:56', '2020-04-22 00:16:56'),
(7, 24, 'Dr. Olaf Lockman Sr.', 'Similique omnis sint ea sunt similique. Sed porro est dolore sunt voluptas. Et exercitationem repellendus architecto.', 3, '2020-04-22 00:16:56', '2020-04-22 00:16:56'),
(8, 6, 'Alyson Parker', 'Vel dolorem et illum sed. Amet illo natus perferendis cumque corporis. Culpa sint debitis ipsa ab ut. Dolores animi est et perferendis cupiditate consequatur quis.', 0, '2020-04-22 00:16:56', '2020-04-22 00:16:56'),
(9, 3, 'Dr. Adolfo Sporer', 'Molestias neque voluptatem est alias commodi dolores autem qui. Id autem hic et. Voluptatem in non suscipit odio.', 4, '2020-04-22 00:16:56', '2020-04-22 00:16:56'),
(10, 7, 'Dr. Mckenna Bauch', 'Esse vel numquam optio velit aliquam. Eum a quia distinctio debitis impedit in blanditiis. Molestiae ratione quia et dolores nobis enim est et.', 5, '2020-04-22 00:16:56', '2020-04-22 00:16:56'),
(11, 26, 'Crystal Tillman', 'Corporis omnis necessitatibus architecto voluptas voluptas in. Quis maiores molestiae quis saepe perspiciatis aut quo. Aut aut ut quam non doloremque officia nemo doloribus. Minus reprehenderit doloribus sunt ea ullam.', 2, '2020-04-22 00:16:56', '2020-04-22 00:16:56'),
(12, 39, 'Dr. Roderick Corkery I', 'Dignissimos eum doloremque ut esse placeat. Id ipsam sunt nobis in delectus sapiente. Eum quasi voluptatem et aut sit voluptatem quos. Ut ut et perferendis nobis.', 1, '2020-04-22 00:16:56', '2020-04-22 00:16:56'),
(13, 13, 'Geovanny Heller', 'Quas velit dicta ullam tempore hic eius nam quod. Eius alias voluptatem rerum quia at. Suscipit officiis accusantium qui omnis temporibus. Qui ipsum rerum quis cumque aspernatur autem.', 0, '2020-04-22 00:16:56', '2020-04-22 00:16:56'),
(14, 43, 'Dannie Hessel Sr.', 'Impedit molestiae aut tempora. Ut qui porro neque cumque.', 5, '2020-04-22 00:16:57', '2020-04-22 00:16:57'),
(15, 8, 'Daniella Powlowski', 'Vel ex explicabo eveniet possimus fugiat ad eaque perspiciatis. Fuga rerum neque ducimus fugiat non. Eos quo dolores qui quia pariatur.', 2, '2020-04-22 00:16:57', '2020-04-22 00:16:57'),
(16, 35, 'Prof. Lauren Bechtelar Sr.', 'Soluta eos quia neque quae. Debitis eligendi fugiat incidunt sed dolorum consectetur delectus.', 0, '2020-04-22 00:16:57', '2020-04-22 00:16:57'),
(17, 1, 'Carley Heaney', 'Hic repudiandae doloremque a optio. Laboriosam accusantium saepe doloribus omnis unde. Vero laudantium aut illum hic.', 2, '2020-04-22 00:16:57', '2020-04-22 00:16:57'),
(18, 50, 'Finn Thompson', 'Sit sed dignissimos molestiae ducimus. Ut nulla ad aperiam sunt recusandae voluptas inventore. Voluptatem delectus vel tempore provident omnis est.', 2, '2020-04-22 00:16:57', '2020-04-22 00:16:57'),
(19, 24, 'Orlo Adams', 'Aliquid molestias amet odio harum perferendis. Mollitia aut enim et. Esse quia velit dolor nisi. Blanditiis occaecati alias quidem error et temporibus minima.', 1, '2020-04-22 00:16:57', '2020-04-22 00:16:57'),
(20, 2, 'Addie Gutkowski', 'Ducimus recusandae molestiae sunt nihil placeat fugit. Asperiores aut asperiores aperiam ea assumenda perferendis quod eligendi. Voluptatem voluptatem quis tenetur maiores.', 4, '2020-04-22 00:16:57', '2020-04-22 00:16:57'),
(21, 50, 'Michael Powlowski', 'Dolorem laboriosam repellat quis qui pariatur nesciunt. Qui quod nihil delectus iusto. Voluptates incidunt doloremque dolorem hic. Aut sunt consequatur facilis culpa eos quis.', 2, '2020-04-22 00:16:57', '2020-04-22 00:16:57'),
(22, 32, 'Barrett Jast', 'Qui quos temporibus omnis facilis nihil reiciendis. Labore labore eos inventore totam non sunt. Sit aliquid nisi aliquam. Earum dolorem ut placeat veritatis rem.', 3, '2020-04-22 00:16:57', '2020-04-22 00:16:57'),
(23, 27, 'Adrien Gaylord', 'Molestias laudantium quae corrupti possimus eum. Sunt delectus non temporibus. Qui quaerat ut tenetur rerum quia est magnam. Unde enim velit quod exercitationem labore.', 2, '2020-04-22 00:16:57', '2020-04-22 00:16:57'),
(24, 45, 'Johan Ortiz', 'Molestiae sunt accusamus amet. Atque exercitationem aut quidem. Eum consequuntur voluptatem quia libero.', 0, '2020-04-22 00:16:57', '2020-04-22 00:16:57'),
(25, 9, 'Rowland Reinger', 'Et expedita quos odit non rerum veritatis. Rerum est eius harum nisi facilis. Natus assumenda cumque nihil impedit odit non. Quia repellat velit dicta eius vero sint quia.', 3, '2020-04-22 00:16:57', '2020-04-22 00:16:57'),
(26, 7, 'Shanel Champlin', 'Dolores accusantium pariatur non sint quo qui deserunt qui. Harum quasi tempora impedit vero eius sint. Expedita sit placeat deleniti in in quia qui. Et sit magnam dolor quia. Tempore aut rerum accusamus quod ipsum fuga.', 2, '2020-04-22 00:16:57', '2020-04-22 00:16:57'),
(27, 30, 'Prof. Toney Crist', 'Molestias accusamus adipisci quos molestias et ea dignissimos. Sunt cum magnam optio aut nemo dolorem. Sapiente quam pariatur quidem voluptate reprehenderit ratione sint.', 5, '2020-04-22 00:16:57', '2020-04-22 00:16:57'),
(28, 50, 'Shania Satterfield', 'Voluptatibus eum unde quibusdam delectus libero. Odit aut fugiat hic reprehenderit numquam. Et ipsa nisi exercitationem et provident est et voluptatem. Quia quo hic libero.', 0, '2020-04-22 00:16:57', '2020-04-22 00:16:57'),
(29, 49, 'Jaylan Satterfield', 'Voluptas esse sequi dolores sint eum accusamus deleniti et. Fuga quas ut quia molestias ut culpa. Ex in magnam aut asperiores est vel. Et ut dignissimos quasi numquam velit rerum a.', 1, '2020-04-22 00:16:57', '2020-04-22 00:16:57'),
(30, 21, 'Leann McLaughlin', 'Quia enim ullam illo optio hic aut. Autem est dolores ut beatae.', 4, '2020-04-22 00:16:57', '2020-04-22 00:16:57'),
(31, 23, 'Mr. Jackson Daniel IV', 'Consequuntur ipsam ut error ab qui iste ut. Sapiente dolor at suscipit quis laudantium tempore molestias.', 4, '2020-04-22 00:16:57', '2020-04-22 00:16:57'),
(32, 29, 'Vickie Lemke', 'Necessitatibus qui iure quae fuga atque possimus. Ut optio omnis porro. Maiores repellendus tenetur eaque tenetur harum nostrum.', 2, '2020-04-22 00:16:57', '2020-04-22 00:16:57'),
(33, 11, 'Mrs. Nikki Oberbrunner', 'Debitis aliquid laudantium minima culpa occaecati quod et. Sint deleniti iusto alias aspernatur et eum. Dolorum dicta alias autem quia culpa quia voluptas tempore.', 3, '2020-04-22 00:16:57', '2020-04-22 00:16:57'),
(34, 26, 'Easter Hirthe', 'Eos at fuga ut recusandae. Qui nisi ullam odio neque nisi ratione. Porro quod neque dolor saepe rerum quos quasi. Quia pariatur doloribus qui odio esse reprehenderit.', 3, '2020-04-22 00:16:57', '2020-04-22 00:16:57'),
(35, 46, 'Modesto Lueilwitz', 'Vitae ut fugiat qui neque earum. Laudantium libero quam enim ut et necessitatibus. In quia dolor minima rerum.', 5, '2020-04-22 00:16:57', '2020-04-22 00:16:57'),
(36, 13, 'Toy Rogahn', 'Ducimus dolore qui consequatur placeat odio rem. Et provident commodi qui voluptate numquam reiciendis. Aliquam nihil voluptate sint aliquid.', 4, '2020-04-22 00:16:57', '2020-04-22 00:16:57'),
(37, 34, 'Omari Wilderman', 'Ipsum minima consequatur ut iure aut consectetur maiores. Quis est rerum corporis illum voluptatem. Est sed distinctio rerum ratione nesciunt ea. Eum velit non modi repudiandae eos.', 4, '2020-04-22 00:16:57', '2020-04-22 00:16:57'),
(38, 26, 'Clinton Klocko', 'Minima est praesentium culpa facere. Nesciunt placeat dolores quia laborum qui consequatur. Non inventore nisi consequatur quos. Sint maxime quis perspiciatis eos laboriosam possimus nisi. Quibusdam ducimus ex assumenda sed perferendis.', 0, '2020-04-22 00:16:57', '2020-04-22 00:16:57'),
(39, 48, 'Jaquelin Glover PhD', 'Et sapiente magnam rerum dolores quia similique aspernatur. Iste in officia dolorum error hic fuga aut. Est ut aut adipisci fugiat quam perspiciatis et. Eum rerum dolores vitae.', 3, '2020-04-22 00:16:57', '2020-04-22 00:16:57'),
(40, 28, 'Prof. Rosendo Rogahn IV', 'Quo rerum odit sit est. Esse atque velit ab magni ea ex. Voluptatem velit dolor voluptatem. Ea cupiditate enim velit rerum.', 3, '2020-04-22 00:16:57', '2020-04-22 00:16:57'),
(41, 19, 'Rosalyn Hayes III', 'At excepturi optio cumque harum. Aut rerum dolore corporis magni vel. Quis corporis minima recusandae nisi voluptate accusamus omnis.', 3, '2020-04-22 00:16:58', '2020-04-22 00:16:58'),
(42, 44, 'Destany Beer', 'Eligendi iusto et numquam nulla libero non deserunt. Pariatur ad tempore molestiae sit id est. Sit nostrum nihil laborum tenetur velit. Sequi perferendis et nam iste.', 2, '2020-04-22 00:16:58', '2020-04-22 00:16:58'),
(43, 44, 'Aliyah Boyle I', 'Quos beatae quod magnam sed. Consequatur tempore quibusdam nostrum inventore quaerat expedita. Magnam dolorem quam earum praesentium. Commodi dolores officiis delectus laboriosam accusantium.', 0, '2020-04-22 00:16:58', '2020-04-22 00:16:58'),
(44, 14, 'Freeman Hagenes', 'Quia qui rerum natus explicabo odit rerum consequuntur. Debitis alias pariatur molestias minima voluptas aspernatur ipsam. Voluptates dolores omnis veritatis corrupti aut aspernatur minus. Nemo porro impedit rerum fugiat illum.', 5, '2020-04-22 00:16:58', '2020-04-22 00:16:58'),
(45, 3, 'Marcella Beatty', 'Quaerat molestiae voluptates voluptas inventore. Labore est provident laudantium molestiae ipsum. Dolorem labore recusandae perspiciatis. Sint velit sed minima.', 3, '2020-04-22 00:16:58', '2020-04-22 00:16:58'),
(46, 8, 'Prof. Nelle Lang', 'Et sed occaecati est eum dolor mollitia quia. Et necessitatibus iste distinctio corrupti suscipit velit consequatur.', 0, '2020-04-22 00:16:58', '2020-04-22 00:16:58'),
(47, 19, 'Kaley Wolff', 'Explicabo inventore vel nulla porro saepe quos minima. Aut molestiae suscipit quia velit. Recusandae reprehenderit ea voluptatum provident in.', 3, '2020-04-22 00:16:58', '2020-04-22 00:16:58'),
(48, 48, 'Noemie Considine', 'Hic ipsam voluptatem tempora aut dicta a id. Nihil ducimus vel deserunt ab dolor quasi. Dolore placeat pariatur dolor est hic.', 5, '2020-04-22 00:16:58', '2020-04-22 00:16:58'),
(49, 6, 'Kraig Grady', 'Quia earum alias molestiae. Ducimus optio nobis est recusandae rem perferendis. Et laudantium odio est dolor.', 4, '2020-04-22 00:16:58', '2020-04-22 00:16:58'),
(50, 36, 'Wilbert Schmidt', 'Non distinctio et aut qui. Ut nisi quos quos enim molestias ipsum voluptate. Qui accusamus vel tempora voluptas voluptate ea. Voluptatibus delectus aut possimus minima quas tempora libero.', 3, '2020-04-22 00:16:58', '2020-04-22 00:16:58'),
(51, 34, 'Cleveland Greenfelder', 'Quia velit delectus sit sed sunt saepe. Incidunt voluptatem exercitationem nam enim numquam fugiat iusto. Quisquam et itaque quis ipsa ipsum.', 4, '2020-04-22 00:16:58', '2020-04-22 00:16:58'),
(52, 11, 'Reba Roberts', 'Pariatur maiores dolorum dolores natus maiores sequi soluta. Unde ea repudiandae dolores laboriosam ut non qui. Omnis eveniet sunt architecto animi rem placeat in excepturi. Quasi corporis omnis sed architecto.', 2, '2020-04-22 00:16:58', '2020-04-22 00:16:58'),
(53, 11, 'Cecilia Corkery', 'Soluta enim culpa reiciendis nostrum recusandae. Sapiente velit in rerum repellendus numquam enim ipsam perspiciatis. Eum non aut et impedit et atque veniam. Veniam enim sint amet eum libero nulla recusandae.', 3, '2020-04-22 00:16:58', '2020-04-22 00:16:58'),
(54, 6, 'Fiona Gislason', 'Quis quidem delectus sunt possimus officia. Consectetur et ipsa facilis quas. Perferendis est vero sed repellat voluptatem eum minima. Harum facere nostrum optio. Nobis adipisci omnis sunt nemo sed qui ut omnis.', 0, '2020-04-22 00:16:58', '2020-04-22 00:16:58'),
(55, 43, 'Mollie Kihn', 'Rerum eligendi minus sit a. Eius quae et ea quaerat. Ipsam est eaque eligendi ut. Cum ea soluta qui culpa itaque labore.', 4, '2020-04-22 00:16:58', '2020-04-22 00:16:58'),
(56, 49, 'Nikita Cummings', 'Aut harum consequuntur aspernatur fuga perspiciatis. In quia fuga ratione sit. Totam culpa atque numquam suscipit enim quia laudantium.', 5, '2020-04-22 00:16:59', '2020-04-22 00:16:59'),
(57, 15, 'Jordan Toy', 'Numquam accusantium nemo facilis exercitationem modi consequatur fugiat. Error quos non architecto accusantium et officia et. Enim inventore quo ut mollitia.', 0, '2020-04-22 00:16:59', '2020-04-22 00:16:59'),
(58, 38, 'Aletha Murphy', 'Rerum error ut et nisi porro similique provident numquam. Sit sit qui et veniam quae. Exercitationem voluptas eligendi debitis facilis.', 2, '2020-04-22 00:16:59', '2020-04-22 00:16:59'),
(59, 44, 'Treva Anderson Sr.', 'Sit explicabo voluptatem aut est. Aut sit consectetur consequatur consequatur sed quas. Et ad dignissimos dolorum eum quibusdam. Aspernatur consequatur non in aut. Harum aliquam excepturi illo asperiores.', 3, '2020-04-22 00:16:59', '2020-04-22 00:16:59'),
(60, 8, 'Dr. Dovie Yundt', 'Non omnis quis excepturi quaerat est quis vel. Amet excepturi nam et assumenda iusto. Et quia dolorum voluptatibus officia molestiae dolore.', 0, '2020-04-22 00:16:59', '2020-04-22 00:16:59'),
(61, 20, 'Jade Doyle', 'Distinctio eaque ipsum nesciunt ipsa. Amet qui optio quos et iure in. Ducimus in natus aut quasi qui rerum. Vel suscipit voluptatem quod ea sit.', 4, '2020-04-22 00:16:59', '2020-04-22 00:16:59'),
(62, 24, 'Asia Simonis III', 'Dolorum vel sit adipisci sint. Sit consequatur porro quia quos corporis. Cumque perferendis explicabo temporibus voluptas necessitatibus.', 4, '2020-04-22 00:16:59', '2020-04-22 00:16:59'),
(63, 41, 'Antonio Ziemann III', 'Distinctio corrupti ad nemo ipsum iure qui quis. Voluptatem atque ut hic doloremque eligendi explicabo quia tenetur.', 3, '2020-04-22 00:16:59', '2020-04-22 00:16:59'),
(64, 34, 'Agustin Gulgowski', 'Temporibus sit necessitatibus ea odio ullam. Ea magni dignissimos unde non id dolorum voluptatem. Ea voluptatibus est dolore dolorum eligendi ut. Voluptatem non est cum non vel est earum. Aut qui vero qui voluptate ut.', 1, '2020-04-22 00:16:59', '2020-04-22 00:16:59'),
(65, 10, 'Ethelyn Strosin DDS', 'Quo et excepturi eaque placeat laborum quos ratione ducimus. Beatae quisquam nesciunt sit vero laudantium incidunt. Minus eveniet explicabo officia ducimus rerum quisquam.', 0, '2020-04-22 00:16:59', '2020-04-22 00:16:59'),
(66, 23, 'Dr. Alayna O\'Connell V', 'Similique voluptas commodi sit praesentium inventore aut omnis. Doloribus facere ipsa et minus voluptates. Consectetur qui hic aperiam corrupti. Dolor voluptas architecto harum consequatur hic dolorum aliquid.', 1, '2020-04-22 00:16:59', '2020-04-22 00:16:59'),
(67, 14, 'Jordi Weissnat', 'Fugiat quia corrupti eligendi consequatur corporis et. Recusandae voluptas aliquid cumque voluptas facilis non.', 4, '2020-04-22 00:16:59', '2020-04-22 00:16:59'),
(68, 42, 'Renee Bartoletti', 'Tenetur ipsum quo minima omnis cupiditate. Quis voluptatum eveniet culpa quas. Non accusamus cum amet facilis.', 1, '2020-04-22 00:16:59', '2020-04-22 00:16:59'),
(69, 40, 'Mack Kunze', 'Non quia est eum iure dolorum. Et magni vel dolor.', 4, '2020-04-22 00:16:59', '2020-04-22 00:16:59'),
(70, 46, 'Tyrese Bruen', 'Qui magnam aut temporibus totam. Quae consequuntur consequatur consequatur rerum. Nobis dolores omnis dolor possimus voluptate.', 5, '2020-04-22 00:16:59', '2020-04-22 00:16:59'),
(71, 31, 'Miss Michelle Rath DVM', 'Ea blanditiis voluptatem quas minima cumque velit explicabo et. Blanditiis eum odio et quo nesciunt voluptatibus. Minus ex quibusdam quia ab sint. Culpa tempore quia nam aut accusantium architecto.', 1, '2020-04-22 00:16:59', '2020-04-22 00:16:59'),
(72, 13, 'Shanel Koepp I', 'Debitis omnis blanditiis sed dolore quia. Assumenda rem voluptatem sit. Dolorum eum quae rerum inventore voluptatibus. Recusandae sed dolorum et molestiae inventore sit quo ut.', 5, '2020-04-22 00:16:59', '2020-04-22 00:16:59'),
(73, 36, 'Dr. Hosea Heidenreich Sr.', 'Aspernatur culpa at eius provident impedit dolorem. In minus eum quos aut corrupti quasi unde quae. Molestiae voluptatem voluptas debitis delectus neque rerum.', 0, '2020-04-22 00:16:59', '2020-04-22 00:16:59'),
(74, 48, 'Sedrick Waters DDS', 'Atque aut nemo veritatis est perspiciatis. Debitis beatae et autem accusamus eum.', 1, '2020-04-22 00:16:59', '2020-04-22 00:16:59'),
(75, 13, 'Judson Kuvalis', 'Praesentium sed voluptas aut tenetur facilis. Dolorem consequatur quibusdam aut iusto rem. Animi fugiat quia fugit et inventore.', 5, '2020-04-22 00:16:59', '2020-04-22 00:16:59'),
(76, 43, 'Prof. Carmine McKenzie DVM', 'Iusto provident sit ut enim. Totam cumque nobis quo est. Voluptas asperiores repellat dolor dicta. Soluta vitae ratione eos enim eligendi sint aut.', 3, '2020-04-22 00:17:00', '2020-04-22 00:17:00'),
(77, 35, 'Dr. Kristian Schaefer Sr.', 'Est qui facere non repellat. Amet numquam dolores repellendus amet beatae. Aut nesciunt dolorem vel quo.', 0, '2020-04-22 00:17:00', '2020-04-22 00:17:00'),
(78, 29, 'Tristin Mosciski', 'Pariatur magnam voluptas aperiam enim rerum expedita non. Et harum officia quasi sunt placeat voluptatem. Asperiores totam et aut est. Vero aut quo voluptate error eveniet qui. Consequatur ut velit quae et minima dolore placeat.', 4, '2020-04-22 00:17:00', '2020-04-22 00:17:00'),
(79, 42, 'Prof. Kaden Upton', 'Atque nemo temporibus necessitatibus vitae consequatur. Aliquid eligendi adipisci similique ea soluta dolorem nesciunt qui. Sunt dolorem sed tenetur aut.', 2, '2020-04-22 00:17:00', '2020-04-22 00:17:00'),
(80, 9, 'Kasey Dach', 'Est commodi explicabo nobis perferendis explicabo quia. Non quisquam est esse. Ut est repudiandae nesciunt suscipit. Ipsam iure a quas modi ut.', 3, '2020-04-22 00:17:00', '2020-04-22 00:17:00'),
(81, 16, 'Prof. Derek Lang', 'Distinctio reiciendis velit alias iusto rerum voluptas. Id ut voluptatibus ut laborum autem voluptatem est eos. Et dolores magni quia minima rerum sapiente.', 0, '2020-04-22 00:17:00', '2020-04-22 00:17:00'),
(82, 15, 'Terence Morissette', 'Consequuntur iste totam voluptatem. Asperiores et ut voluptates et dolor consequatur error. Suscipit cumque nihil mollitia optio dicta explicabo.', 0, '2020-04-22 00:17:00', '2020-04-22 00:17:00'),
(83, 40, 'Nichole Schmidt PhD', 'Sed ex id ab libero laborum. Minus culpa sunt perspiciatis. Voluptate aspernatur aut impedit qui qui in quo.', 3, '2020-04-22 00:17:00', '2020-04-22 00:17:00'),
(84, 8, 'Iva Medhurst', 'Ipsum ullam asperiores debitis pariatur quisquam qui. Facere cumque officiis necessitatibus quod eos earum inventore temporibus. Ex suscipit ea illo laudantium corrupti sed tenetur.', 2, '2020-04-22 00:17:00', '2020-04-22 00:17:00'),
(85, 34, 'Jonas Raynor', 'Cumque aliquid et qui. Ipsam quam quos cum voluptate non. Velit voluptatem in voluptatum odio ducimus soluta aut.', 5, '2020-04-22 00:17:00', '2020-04-22 00:17:00'),
(86, 11, 'Miss Corrine Ziemann', 'Reprehenderit rerum et temporibus et facere omnis. Corporis adipisci repellendus et perspiciatis suscipit. Dolorem molestiae repellat soluta numquam et. Optio sequi commodi voluptates quaerat deleniti natus.', 5, '2020-04-22 00:17:00', '2020-04-22 00:17:00'),
(87, 13, 'Mrs. Berniece Baumbach PhD', 'Minus repellendus provident reiciendis et quo blanditiis quod totam. Et earum sed voluptas in eum itaque. Nostrum quae in sapiente necessitatibus omnis cupiditate odio. Sed neque cum fugit sit sint quas quae. Cupiditate molestiae id maiores alias et.', 4, '2020-04-22 00:17:01', '2020-04-22 00:17:01'),
(88, 31, 'Ms. Eda Trantow', 'Nesciunt eos eaque consequatur sequi consequatur. Quas aspernatur minus rerum ipsam est ratione nihil.', 1, '2020-04-22 00:17:01', '2020-04-22 00:17:01'),
(89, 42, 'Larissa Hoeger', 'Velit dolor quo culpa nobis. Et facere nemo in odio rerum officia voluptatum. Dicta ullam quia facilis omnis culpa harum.', 1, '2020-04-22 00:17:01', '2020-04-22 00:17:01'),
(90, 16, 'Ms. Bettie Wehner Jr.', 'Explicabo sit earum aperiam minima eius eos. Vitae dignissimos fugit eveniet officiis vel.', 1, '2020-04-22 00:17:01', '2020-04-22 00:17:01'),
(91, 28, 'Michael Kuphal', 'Beatae cum nulla impedit architecto totam. Vel sequi perferendis eaque nihil aperiam ut. Deserunt maxime ut est eum reprehenderit voluptatem.', 0, '2020-04-22 00:17:01', '2020-04-22 00:17:01'),
(92, 34, 'Charlotte Blanda IV', 'Tenetur adipisci sit quas quaerat inventore. Quidem molestiae fugiat vitae quos quia. Et dolorem eos cumque et nostrum. Cupiditate id quaerat delectus et in.', 5, '2020-04-22 00:17:01', '2020-04-22 00:17:01'),
(93, 22, 'Narciso Jacobi', 'Et reprehenderit quia sit aut. Exercitationem autem voluptas amet error et nesciunt corporis. Necessitatibus modi cumque dignissimos consectetur et.', 0, '2020-04-22 00:17:01', '2020-04-22 00:17:01'),
(94, 29, 'Kraig Wintheiser PhD', 'Sed quo quis aliquam et aut. Odit ipsam aperiam quos nemo id qui. Impedit mollitia molestiae consequatur autem commodi. Qui voluptas culpa repellat quod in.', 0, '2020-04-22 00:17:01', '2020-04-22 00:17:01'),
(95, 19, 'Myriam Padberg DVM', 'Vitae magni est corrupti voluptates laboriosam sunt. Qui eligendi est delectus autem. Minima voluptas quaerat blanditiis hic sit labore. Fugit illo non culpa eos et enim.', 3, '2020-04-22 00:17:01', '2020-04-22 00:17:01'),
(96, 33, 'Dixie Kovacek', 'Tenetur facere blanditiis est nostrum praesentium. Et porro dolorem neque magnam. Tempore illo debitis expedita iste molestias cum. Numquam aut ipsam pariatur soluta beatae doloribus doloribus.', 4, '2020-04-22 00:17:01', '2020-04-22 00:17:01'),
(97, 23, 'Cullen Rolfson', 'Incidunt consequatur aliquid explicabo dolores assumenda minima. Et repudiandae quae tempore soluta amet. Maiores delectus perferendis qui aut et nobis.', 0, '2020-04-22 00:17:01', '2020-04-22 00:17:01'),
(98, 16, 'Prof. Erik Willms', 'Officiis autem perferendis ut consequuntur nihil. Aut sunt odit inventore atque deserunt at inventore. Nihil facere autem aut optio.', 5, '2020-04-22 00:17:01', '2020-04-22 00:17:01'),
(99, 43, 'Ernesto O\'Hara', 'Sed sint at ipsa expedita. Sequi in sit soluta blanditiis nobis cupiditate. In odit enim iure id saepe.', 4, '2020-04-22 00:17:01', '2020-04-22 00:17:01'),
(100, 43, 'Dr. Delta Streich MD', 'Illo sed voluptatem minus alias. Porro dolorem dolore saepe voluptatem tempora aperiam odit impedit.', 3, '2020-04-22 00:17:01', '2020-04-22 00:17:01'),
(101, 10, 'Dr. Linnie Bahringer IV', 'Accusamus libero praesentium sed occaecati. Quo similique impedit veritatis et tempora eum exercitationem. Et eligendi non ullam error enim autem repellendus. Ut facilis labore et sed in iure.', 2, '2020-04-22 00:17:01', '2020-04-22 00:17:01'),
(102, 5, 'Dorris Herman', 'Voluptatum esse deleniti dolorem. Ut ratione dolore qui soluta. Soluta suscipit labore qui nesciunt rerum asperiores aut. Repellat iure reiciendis et distinctio a. Deleniti deleniti possimus quibusdam placeat sed.', 5, '2020-04-22 00:17:01', '2020-04-22 00:17:01'),
(103, 14, 'Kelsie Ward', 'Ex et itaque officia occaecati veritatis porro quisquam. Quia ut est natus iure vero. Nihil eius perspiciatis amet consequuntur est nisi.', 2, '2020-04-22 00:17:01', '2020-04-22 00:17:01'),
(104, 34, 'Jaylan Klocko IV', 'Consequuntur nemo officiis sed et. Consequuntur non culpa suscipit aspernatur saepe itaque nihil unde. Sunt corrupti molestiae dolorum quibusdam. Magnam incidunt perspiciatis corrupti ex.', 5, '2020-04-22 00:17:01', '2020-04-22 00:17:01'),
(105, 18, 'Shania Lubowitz', 'Blanditiis laborum dolore nostrum enim nesciunt. Reprehenderit provident vero eius distinctio corporis necessitatibus. Autem fugiat corporis ea qui officia enim eum.', 1, '2020-04-22 00:17:01', '2020-04-22 00:17:01'),
(106, 42, 'Ms. Cydney Kreiger II', 'Eligendi velit qui veniam aliquam. Modi non necessitatibus quae accusamus repudiandae voluptatem. At in aut porro rerum nulla. Aut ut sed vel perferendis illo excepturi perferendis animi.', 3, '2020-04-22 00:17:01', '2020-04-22 00:17:01'),
(107, 13, 'Rocio Rice', 'Cupiditate non dolores suscipit voluptas. Sunt maxime aut tenetur. Asperiores nisi non velit itaque. Dolor ad aliquid libero doloremque perspiciatis aut.', 0, '2020-04-22 00:17:02', '2020-04-22 00:17:02'),
(108, 46, 'Marcia Bednar PhD', 'Perferendis error numquam quia nobis qui ut. Et nihil nihil est incidunt. Quis sed non illo autem inventore deserunt. Reiciendis aut commodi illo mollitia dolores veniam facilis.', 1, '2020-04-22 00:17:02', '2020-04-22 00:17:02'),
(109, 11, 'Kailyn Schmeler PhD', 'Eius commodi non asperiores architecto error omnis ut. In assumenda doloribus id et commodi non quidem. Esse voluptatem consequatur voluptas quisquam.', 3, '2020-04-22 00:17:02', '2020-04-22 00:17:02'),
(110, 43, 'Ignatius Dicki', 'Et inventore culpa sit qui ullam. Assumenda sequi voluptas culpa esse magni quia neque.', 4, '2020-04-22 00:17:02', '2020-04-22 00:17:02'),
(111, 31, 'Cody Altenwerth DDS', 'Quo tenetur placeat dolorem et consequatur totam. Consequatur nisi fugit sed tempora. Est aut voluptatem iure autem numquam vitae. Ut facere culpa tempora provident aut ea sequi reiciendis. Est illum aut vel ipsam.', 0, '2020-04-22 00:17:02', '2020-04-22 00:17:02'),
(112, 38, 'Bulah Cassin', 'Sit eos dolor quo quia vero omnis quam. Aspernatur sunt ut ratione. Ut vel suscipit molestias consectetur. Natus harum eveniet et numquam maiores quae voluptatem.', 5, '2020-04-22 00:17:02', '2020-04-22 00:17:02'),
(113, 48, 'Linnea Bayer', 'Enim suscipit voluptatum culpa dolores recusandae qui accusantium. Reiciendis vitae quam hic eum consectetur omnis voluptatum excepturi. Minima sit sequi eos soluta inventore. Nemo illum sint consequuntur itaque est.', 2, '2020-04-22 00:17:02', '2020-04-22 00:17:02'),
(114, 7, 'Tracey Zulauf', 'Aut quia explicabo incidunt id excepturi. Vel et distinctio voluptatibus omnis. Beatae natus magnam minus ipsa voluptatem voluptas. Commodi quos officia beatae vero optio perspiciatis.', 0, '2020-04-22 00:17:02', '2020-04-22 00:17:02'),
(115, 48, 'Prof. Zena Krajcik DDS', 'Et aut asperiores dolorum et maiores atque illo. Sapiente fugiat aspernatur dolorum et animi.', 4, '2020-04-22 00:17:02', '2020-04-22 00:17:02'),
(116, 31, 'Jermain Robel', 'Dolorem beatae inventore sed amet. Deleniti delectus nisi in qui suscipit reprehenderit quibusdam. Repudiandae sunt qui eligendi explicabo amet est. Eos consequatur non voluptatum quasi non.', 1, '2020-04-22 00:17:02', '2020-04-22 00:17:02'),
(117, 49, 'Citlalli Blanda V', 'Laudantium ipsam et eius ipsa ratione suscipit. Ut qui ipsam et omnis commodi vel. Molestias amet natus distinctio sed. Consequatur enim recusandae officia aut enim. Sunt accusamus consequuntur aliquid aspernatur porro quam.', 1, '2020-04-22 00:17:03', '2020-04-22 00:17:03'),
(118, 31, 'Wilfred Harvey', 'Hic cumque quam ut quasi sunt sapiente nostrum. Aliquam natus nisi maiores reprehenderit explicabo alias aut aperiam. Facere a veritatis in labore nihil.', 3, '2020-04-22 00:17:03', '2020-04-22 00:17:03'),
(119, 39, 'Ole Boyle', 'Ullam assumenda maiores qui excepturi laboriosam. Quo ad voluptatem voluptates ut impedit aperiam ratione.', 2, '2020-04-22 00:17:03', '2020-04-22 00:17:03'),
(120, 42, 'Luigi Goldner', 'Esse doloribus alias molestiae assumenda facere quae. Voluptas et minus rem impedit. Est voluptates qui et amet. In et sint accusantium itaque dolores voluptatem.', 3, '2020-04-22 00:17:03', '2020-04-22 00:17:03'),
(121, 13, 'Prof. Elliott Smitham Sr.', 'Quibusdam aut rerum numquam doloribus aperiam occaecati. Sunt fuga vero quas repellat autem. Nulla doloremque sunt eaque excepturi ut molestias. Ut porro optio incidunt ut sit.', 5, '2020-04-22 00:17:03', '2020-04-22 00:17:03'),
(122, 41, 'Vanessa Champlin', 'Nam repudiandae unde dicta quam. In beatae et esse libero nam vel quod odit. Ea ut ut velit dolores harum fugiat. Officiis ad harum tempora nemo dolores.', 4, '2020-04-22 00:17:03', '2020-04-22 00:17:03'),
(123, 44, 'Elisa Wiza', 'Eos consequatur ab et quo deleniti. In maxime reiciendis fugit doloribus ut quasi ullam. Quidem incidunt deleniti aut ducimus. Ut consequatur porro vel rerum eos. Reiciendis quisquam qui error.', 5, '2020-04-22 00:17:03', '2020-04-22 00:17:03'),
(124, 38, 'Ms. Cassandre Upton', 'Et natus et eius officiis itaque aut. Dignissimos suscipit tempora rerum mollitia explicabo. Sapiente omnis veniam delectus corporis suscipit.', 0, '2020-04-22 00:17:03', '2020-04-22 00:17:03'),
(125, 24, 'Garfield Dach I', 'Aperiam qui et error illo dolorum molestias. Sit voluptas laudantium atque quae et et. Et neque et voluptas odit eius nobis. Cumque est amet molestiae earum deleniti soluta.', 1, '2020-04-22 00:17:03', '2020-04-22 00:17:03'),
(126, 31, 'Dr. Milo Borer', 'Est aut asperiores veritatis beatae provident dolores. Autem blanditiis adipisci cupiditate et. Occaecati sed facilis ipsum id iure. Consequuntur id eaque inventore sit quia aut.', 1, '2020-04-22 00:17:03', '2020-04-22 00:17:03'),
(127, 8, 'Kayden Miller III', 'Dolor labore et occaecati illo. Veniam amet ipsam ut libero. Deserunt in fugit earum. Qui molestiae amet voluptate eum odio quam. Voluptas est recusandae dignissimos natus odit tempora et.', 1, '2020-04-22 00:17:03', '2020-04-22 00:17:03'),
(128, 49, 'Miss Tamia Jerde', 'Neque quo nam alias temporibus fugiat maxime. Ut nostrum ipsa dolor omnis reiciendis pariatur aspernatur voluptatem. Qui nihil sit magnam reiciendis deleniti error quaerat optio. Ratione aut architecto soluta architecto similique.', 5, '2020-04-22 00:17:03', '2020-04-22 00:17:03'),
(129, 39, 'Alexa Jacobson', 'Quos molestiae beatae voluptatem et magnam qui quae. Aspernatur nesciunt dolorem totam dolorem cupiditate.', 5, '2020-04-22 00:17:03', '2020-04-22 00:17:03'),
(130, 49, 'Delia Marks', 'Eum sed tenetur corporis architecto exercitationem ut et. Beatae sit id esse ipsam sit et. Voluptatibus nemo explicabo vitae voluptates quia in dolores ut.', 3, '2020-04-22 00:17:03', '2020-04-22 00:17:03'),
(131, 21, 'Fatima Ebert', 'Voluptatibus odio ut optio accusamus rerum maxime vero. Tempora eligendi nihil eum quae in eaque ad. Qui dolore ea inventore animi ullam. Ut est porro qui reiciendis asperiores laudantium perspiciatis. Rem id aut vel voluptates eaque voluptatem.', 4, '2020-04-22 00:17:03', '2020-04-22 00:17:03'),
(132, 23, 'Rico Denesik', 'Laudantium a beatae quo esse voluptatem odio natus. Ratione doloribus nobis nihil quo. Et neque earum eveniet voluptatem tempore molestias aut. Esse vel veniam sed ipsam delectus at ad.', 4, '2020-04-22 00:17:03', '2020-04-22 00:17:03'),
(133, 49, 'Dr. Kassandra Hayes', 'Omnis veniam itaque et est dignissimos corrupti. Optio ut unde quas saepe ratione soluta. Dolor excepturi accusantium magni voluptatem sit.', 4, '2020-04-22 00:17:03', '2020-04-22 00:17:03'),
(134, 6, 'Elmer Kshlerin', 'Est numquam magnam accusantium eaque veritatis reiciendis. Iure sunt dolores eum ratione. Qui ullam qui atque similique iste recusandae id.', 3, '2020-04-22 00:17:03', '2020-04-22 00:17:03'),
(135, 25, 'Teagan Hamill', 'Tenetur laborum inventore officiis occaecati dolorem aperiam amet. Quidem ut rerum facere qui voluptatem ut. Nihil sit harum animi alias.', 2, '2020-04-22 00:17:03', '2020-04-22 00:17:03'),
(136, 30, 'Mr. Dexter Pfannerstill', 'Sunt non et quas odio fugiat omnis. Fuga repudiandae quidem deleniti quos. Reprehenderit laudantium earum qui cupiditate commodi eos sequi. Voluptatem debitis culpa est accusantium provident ipsam iusto repellendus.', 4, '2020-04-22 00:17:03', '2020-04-22 00:17:03'),
(137, 21, 'Maribel Jaskolski', 'Voluptas molestiae rerum itaque voluptatem delectus aut. Perspiciatis officiis reprehenderit harum voluptatibus. Et est ullam voluptatem.', 0, '2020-04-22 00:17:03', '2020-04-22 00:17:03'),
(138, 8, 'Eriberto Hackett', 'Aliquam quo eos nemo. Consequatur excepturi qui fugiat. Sequi nemo alias et commodi et earum. Et eum quis eum occaecati quidem ullam.', 2, '2020-04-22 00:17:03', '2020-04-22 00:17:03'),
(139, 11, 'Prof. Stuart Collins Jr.', 'Quae ab omnis cumque repellendus quisquam non. Perspiciatis provident fugit et quas voluptate ut sit. Repellendus quam atque consequatur ullam ut temporibus cum officiis. Et totam incidunt eum vel molestiae rerum hic.', 5, '2020-04-22 00:17:03', '2020-04-22 00:17:03'),
(140, 2, 'Laurianne Marvin', 'Officiis quis ratione accusantium corrupti. Asperiores amet quos occaecati debitis dicta.', 0, '2020-04-22 00:17:03', '2020-04-22 00:17:03'),
(141, 13, 'Emma Stanton', 'Commodi quia sed laudantium distinctio accusantium cum. Sit sed repellat quae nostrum laudantium. Occaecati voluptates est magni unde. Soluta consequatur fuga reiciendis modi numquam et.', 5, '2020-04-22 00:17:03', '2020-04-22 00:17:03'),
(142, 8, 'Giuseppe Becker', 'Ut dolorum harum et eveniet doloribus praesentium. Eaque omnis repellendus neque sunt.', 5, '2020-04-22 00:17:03', '2020-04-22 00:17:03'),
(143, 39, 'Fanny Gutkowski', 'Atque perferendis expedita quod perferendis totam sint esse. Nihil quod et quisquam repellat. Aut ut ea quae maxime alias non consequatur voluptas. Occaecati illo quas mollitia qui.', 4, '2020-04-22 00:17:03', '2020-04-22 00:17:03'),
(144, 25, 'Prof. Berniece Labadie', 'Consequatur rerum qui inventore voluptatem et porro. Voluptatem qui perspiciatis est ipsam. Aut architecto quibusdam inventore voluptas nisi quis. Rerum voluptatem amet doloribus perspiciatis dicta repudiandae.', 3, '2020-04-22 00:17:03', '2020-04-22 00:17:03'),
(145, 41, 'Aida Haley II', 'Fugit et quibusdam ea quae sint. Officia quae dolor maiores libero est. Deleniti vel porro exercitationem at non ut.', 1, '2020-04-22 00:17:03', '2020-04-22 00:17:03'),
(146, 1, 'Paige McGlynn', 'Repellendus et hic consequatur ipsum fugiat architecto explicabo. Quo sit dolores ipsam quisquam. Reiciendis consectetur reprehenderit in et ut beatae.', 1, '2020-04-22 00:17:03', '2020-04-22 00:17:03'),
(147, 44, 'Oceane Green', 'Ex atque est ratione accusamus ratione. Labore consectetur qui eos autem nihil. Sunt quis minus possimus sunt minima distinctio et. Blanditiis delectus in accusantium sint sed libero nostrum architecto.', 2, '2020-04-22 00:17:03', '2020-04-22 00:17:03'),
(148, 15, 'Bertram Connelly', 'Ipsum soluta commodi beatae nam. Molestiae sint vitae placeat. Ea optio omnis doloribus sint quam facilis ab.', 0, '2020-04-22 00:17:03', '2020-04-22 00:17:03'),
(149, 26, 'Dr. Hiram Pfannerstill DVM', 'Vel dolore et nesciunt itaque. Officiis asperiores et explicabo ratione autem ut. Molestiae laudantium velit aut aliquid quis nobis esse libero. Omnis et laboriosam incidunt.', 5, '2020-04-22 00:17:03', '2020-04-22 00:17:03'),
(150, 43, 'Eve Trantow', 'Eligendi esse et odit et. Explicabo magnam est ut.', 4, '2020-04-22 00:17:03', '2020-04-22 00:17:03'),
(151, 42, 'Tyra Gleason', 'Provident quos qui magni iure. Eum atque aut nam corrupti dolorem repellat suscipit. Non at dolore qui debitis officiis. Dolor aperiam voluptas commodi.', 5, '2020-04-22 00:17:03', '2020-04-22 00:17:03'),
(152, 39, 'Andre Torphy', 'Et fugit ipsum culpa quis. Sunt error reprehenderit minima voluptatem tempora magnam ipsum. Qui non itaque dolore consequatur blanditiis velit ut sed.', 1, '2020-04-22 00:17:03', '2020-04-22 00:17:03'),
(153, 31, 'Andreane Kuvalis', 'Omnis sequi sunt explicabo porro delectus a. Explicabo earum eaque esse ipsa molestiae. Fugit atque qui beatae consequuntur. Asperiores natus nihil eum voluptate sed.', 5, '2020-04-22 00:17:03', '2020-04-22 00:17:03'),
(154, 1, 'Dr. Mae Leffler V', 'Optio velit corporis voluptas. Similique autem quis architecto enim sed. Accusantium ut ex sed distinctio fugit aperiam. Et reiciendis perferendis enim repudiandae facilis accusamus qui aperiam.', 1, '2020-04-22 00:17:04', '2020-04-22 00:17:04'),
(155, 34, 'Jordy Streich', 'Nobis accusantium voluptatibus eos ab. Aut ex quis et earum perferendis nemo possimus. Debitis quasi libero tempora dolore ut sint laboriosam placeat.', 3, '2020-04-22 00:17:04', '2020-04-22 00:17:04'),
(156, 2, 'Mr. Garnet Osinski', 'Consequatur sunt quia quia cupiditate. Aut consequatur est ut.', 4, '2020-04-22 00:17:04', '2020-04-22 00:17:04'),
(157, 27, 'Jaycee Dickens II', 'Facilis porro incidunt debitis impedit consequatur ullam ex. Quod est animi ut ab. Veniam nulla ea enim et.', 0, '2020-04-22 00:17:04', '2020-04-22 00:17:04'),
(158, 7, 'Mr. Harmon Turcotte IV', 'Ea alias non velit et. Suscipit provident voluptas earum voluptatum magni. Ratione optio exercitationem et commodi.', 4, '2020-04-22 00:17:04', '2020-04-22 00:17:04'),
(159, 20, 'Mrs. Lauren Batz', 'Odit et rerum quas quisquam iure ut. Vitae placeat adipisci nulla neque voluptas consequatur. Debitis aut quam corrupti maxime asperiores voluptatem illo.', 4, '2020-04-22 00:17:04', '2020-04-22 00:17:04'),
(160, 23, 'Mr. Clair Hodkiewicz', 'Sequi eveniet assumenda sint sed iure harum atque. Ut porro et eligendi necessitatibus rerum doloribus. Ut facere temporibus tempora eligendi corrupti eum qui neque.', 5, '2020-04-22 00:17:04', '2020-04-22 00:17:04'),
(161, 22, 'Tierra Moore PhD', 'Assumenda minus nihil voluptatem. Minima adipisci minima ad et eum cumque. Ipsa quaerat tempore repellendus cumque reprehenderit et voluptas est. Labore cum quisquam et quo.', 1, '2020-04-22 00:17:04', '2020-04-22 00:17:04'),
(162, 30, 'Cleta Weissnat PhD', 'Eveniet accusantium libero sit. Nihil nobis et vero. Quia suscipit eos nemo dicta excepturi. Corrupti ut molestiae aspernatur praesentium.', 2, '2020-04-22 00:17:04', '2020-04-22 00:17:04'),
(163, 40, 'Mr. Devante Johns', 'Ipsa adipisci sunt illum. Molestias minima explicabo eaque autem a.', 3, '2020-04-22 00:17:04', '2020-04-22 00:17:04'),
(164, 23, 'Libbie Spencer', 'Sequi earum architecto aut animi temporibus est odio. Explicabo est ipsum consectetur veniam vitae. Vel reiciendis quam non autem et sed. Et qui dolores maiores nostrum commodi.', 5, '2020-04-22 00:17:04', '2020-04-22 00:17:04'),
(165, 44, 'Ms. Aracely Lehner I', 'Consectetur quia omnis et esse. Suscipit voluptatem harum vel beatae tempore odio debitis. Sed sit molestiae expedita.', 0, '2020-04-22 00:17:04', '2020-04-22 00:17:04'),
(166, 33, 'Myrtis Reinger', 'Unde non labore illum rerum sed officiis doloremque. Exercitationem ullam voluptatem ipsa accusantium ullam. Facilis velit maxime quis perferendis est possimus nobis soluta.', 2, '2020-04-22 00:17:04', '2020-04-22 00:17:04'),
(167, 32, 'Emilie Douglas MD', 'Possimus est occaecati magnam iusto nesciunt delectus reprehenderit. Numquam quo est cupiditate dolorum nesciunt. Possimus a vel illo eius qui et cupiditate. Debitis similique sint hic ab sit dolorem.', 1, '2020-04-22 00:17:04', '2020-04-22 00:17:04'),
(168, 24, 'Nelson Hoppe', 'Esse exercitationem mollitia ut voluptas. Ullam nulla architecto similique earum ad. Esse beatae id omnis aliquam expedita officiis.', 1, '2020-04-22 00:17:04', '2020-04-22 00:17:04'),
(169, 15, 'Kraig Walsh', 'Aperiam distinctio consequatur beatae vel non vel beatae. Mollitia vel reiciendis fugit sequi facilis at adipisci. Ut ea corrupti culpa error perferendis tempore. Qui similique est et occaecati eaque rerum. Velit qui dicta magnam sequi.', 0, '2020-04-22 00:17:04', '2020-04-22 00:17:04'),
(170, 28, 'Dr. Leland Quitzon', 'Vel ipsum animi aut optio qui voluptatem. Aperiam id id dolores aliquam. Dolores atque vel quidem id sequi nisi. Itaque aut beatae doloremque incidunt.', 0, '2020-04-22 00:17:04', '2020-04-22 00:17:04'),
(171, 20, 'Dr. Trisha Monahan III', 'Repellat debitis ea inventore aut expedita qui. Minus aut ex enim consectetur eveniet.', 1, '2020-04-22 00:17:04', '2020-04-22 00:17:04'),
(172, 2, 'Reymundo DuBuque', 'Blanditiis perspiciatis voluptatem commodi explicabo eaque reprehenderit vel. Qui necessitatibus est nam magni autem suscipit tenetur molestiae. Qui nostrum neque atque rerum perferendis quia. Tempore dolores ut ab placeat.', 2, '2020-04-22 00:17:04', '2020-04-22 00:17:04'),
(173, 30, 'Lambert Hoppe I', 'Cumque sed deleniti maxime et eos. Architecto labore facilis esse quidem est voluptas itaque. Earum suscipit qui sequi molestiae saepe. Et ad autem expedita earum labore qui.', 4, '2020-04-22 00:17:04', '2020-04-22 00:17:04'),
(174, 2, 'Dr. Coty Yundt Jr.', 'Eligendi est dicta quo. Ullam nostrum officiis quia rem repudiandae quaerat. Accusantium laborum alias veritatis quis. Ea et ut consequatur dolor adipisci.', 5, '2020-04-22 00:17:04', '2020-04-22 00:17:04'),
(175, 26, 'Kamron Stanton', 'Rerum totam ullam maxime commodi. Quis adipisci soluta maiores quia. Fugit quia soluta ducimus voluptatibus porro assumenda esse. Fuga veniam occaecati veniam qui. Sit adipisci nisi nam accusamus ut et ad.', 5, '2020-04-22 00:17:04', '2020-04-22 00:17:04'),
(176, 11, 'Dangelo Nader', 'Laudantium quo earum deserunt cupiditate optio dicta. Id enim quia et blanditiis. Numquam inventore ut et. Veritatis sit atque quia ducimus neque quod est blanditiis.', 3, '2020-04-22 00:17:04', '2020-04-22 00:17:04'),
(177, 29, 'Emilie Rutherford V', 'Voluptatibus sapiente optio inventore aut ut architecto ipsam eos. Nesciunt qui vitae reprehenderit omnis. Qui atque nulla ipsa beatae eveniet possimus repellendus. Pariatur harum sed beatae veritatis.', 5, '2020-04-22 00:17:04', '2020-04-22 00:17:04'),
(178, 46, 'Dr. Tanya Funk', 'Doloremque laborum dicta unde quidem. Alias aperiam quo eos consequatur aut eius deleniti. Iure tempora ut hic vel perferendis iste.', 5, '2020-04-22 00:17:04', '2020-04-22 00:17:04'),
(179, 10, 'Mr. Webster Crona', 'Earum est laudantium error maiores. In sed dignissimos nobis quis accusamus repellat non. Eveniet dicta ut vel temporibus. Eum tempore molestias cumque distinctio molestias id iusto rerum.', 5, '2020-04-22 00:17:04', '2020-04-22 00:17:04'),
(180, 17, 'Leta Lemke', 'Tempora et dolore eius alias accusantium magni qui voluptas. Omnis facere alias nobis est. Non ab asperiores expedita libero enim perferendis cum aut. Laboriosam tempora delectus error labore mollitia voluptatem et.', 3, '2020-04-22 00:17:04', '2020-04-22 00:17:04'),
(181, 15, 'Tevin Yundt', 'Minima eum omnis ducimus architecto tenetur. Ad sequi iusto ipsam odio sequi laborum velit non. Architecto quia voluptas et non ut vel consequatur ut. Aut quo non nisi unde distinctio id.', 3, '2020-04-22 00:17:04', '2020-04-22 00:17:04'),
(182, 1, 'Jayson Shanahan', 'Delectus architecto dolores et sed et. Dolorem cum sint adipisci amet aliquid aliquid asperiores. Fugiat voluptas vel quo tempore necessitatibus sed consequuntur. Sint aut vitae repudiandae omnis et suscipit omnis.', 4, '2020-04-22 00:17:04', '2020-04-22 00:17:04'),
(183, 1, 'Katlynn Stark I', 'Ad ea sunt inventore. Aliquid ut nam sunt laboriosam ea consequatur cupiditate id. Non tempore minima reiciendis cupiditate sequi.', 5, '2020-04-22 00:17:04', '2020-04-22 00:17:04'),
(184, 38, 'Prof. Alvis Maggio', 'Voluptas labore consequatur doloribus vel fuga et. Architecto et occaecati ratione asperiores quia accusantium. Dolor sit iste et blanditiis est hic. Natus voluptatibus minus voluptatum sed nihil ut.', 0, '2020-04-22 00:17:04', '2020-04-22 00:17:04'),
(185, 26, 'Braulio O\'Connell II', 'Ad totam est ipsam repellat non odio quasi. Aut aperiam eligendi sunt dolores est quo dicta harum. Pariatur sed vero quasi cumque voluptatem cupiditate et consectetur. Voluptatem qui quos odio expedita. In reprehenderit saepe sunt iusto.', 3, '2020-04-22 00:17:04', '2020-04-22 00:17:04'),
(186, 22, 'Myra Farrell', 'Numquam eos ut qui voluptate. Molestiae omnis iste rerum harum voluptas sed. Accusamus autem magni doloribus amet eos animi.', 0, '2020-04-22 00:17:04', '2020-04-22 00:17:04'),
(187, 20, 'Dr. Mitchell Dickens Jr.', 'Eligendi fugiat et placeat molestiae. Quae minima quaerat tempora nulla dolor accusamus. Adipisci rerum sint aperiam in repellendus. Voluptas consequatur explicabo recusandae ut voluptates.', 3, '2020-04-22 00:17:04', '2020-04-22 00:17:04'),
(188, 14, 'Dr. Tremayne Armstrong', 'Pariatur excepturi ipsam ipsam laboriosam dolor possimus et qui. Voluptas est est beatae deserunt maiores sequi. Rerum saepe ipsa modi odio occaecati.', 1, '2020-04-22 00:17:04', '2020-04-22 00:17:04'),
(189, 2, 'Zoie Gislason', 'Possimus magnam et deleniti dolor eum nihil. Et debitis enim quae deserunt distinctio. Ut saepe qui perspiciatis asperiores ab ut. Cupiditate animi id saepe sit et et qui. Aliquid cupiditate nihil eum odit et dolorem quia.', 1, '2020-04-22 00:17:04', '2020-04-22 00:17:04'),
(190, 17, 'Ms. Noemy Franecki', 'Iusto ab ex dolores repellat voluptas. Est occaecati totam qui ullam quaerat temporibus aut. Explicabo placeat ut non ipsam esse.', 3, '2020-04-22 00:17:04', '2020-04-22 00:17:04'),
(191, 35, 'Dr. Alfredo Shields Jr.', 'Consectetur enim qui cumque ipsum sint exercitationem assumenda. Odit eveniet magnam ullam qui quis nobis. Quia eaque id natus cumque voluptate dignissimos voluptates. Quia temporibus inventore at voluptatum et expedita est culpa.', 5, '2020-04-22 00:17:04', '2020-04-22 00:17:04'),
(192, 25, 'Myrtle Kemmer', 'Odit id ex saepe non. Sequi beatae voluptas omnis blanditiis reprehenderit accusamus sit. At soluta sunt rerum.', 5, '2020-04-22 00:17:04', '2020-04-22 00:17:04'),
(193, 31, 'Jeramy Fay', 'Molestiae eveniet quia soluta quis ea. Voluptas sunt ratione explicabo deserunt. Est provident et natus.', 4, '2020-04-22 00:17:05', '2020-04-22 00:17:05'),
(194, 38, 'Prof. Abbigail Volkman', 'Dolores itaque ex sed nesciunt animi. Doloribus totam amet asperiores earum ab officia. Iure ratione praesentium nesciunt inventore sed vel neque doloribus. Sint perferendis itaque iusto asperiores distinctio voluptatem. Recusandae omnis animi quasi exercitationem pariatur aut vero.', 3, '2020-04-22 00:17:05', '2020-04-22 00:17:05'),
(195, 18, 'Derrick Howe', 'Quia deleniti ea nulla ipsum est quo. Reiciendis aliquid aut maxime cupiditate adipisci. Sit corporis officiis impedit aut. Aperiam tempore maxime id et a vero et.', 5, '2020-04-22 00:17:05', '2020-04-22 00:17:05'),
(196, 2, 'Nyasia Braun I', 'Vel est ut rerum suscipit qui. Nesciunt sed voluptas sint tempore. Quaerat occaecati est quae aut. Asperiores totam sed id beatae cumque repellendus.', 1, '2020-04-22 00:17:05', '2020-04-22 00:17:05'),
(197, 27, 'Mr. Brook Runolfsdottir', 'Consequatur amet voluptatum reiciendis aliquam et non corporis. Est tempore iusto nam aut ullam. Iste deserunt vero nihil voluptas.', 3, '2020-04-22 00:17:05', '2020-04-22 00:17:05'),
(198, 21, 'Elroy Kutch', 'Sed aut pariatur voluptatem corporis vel sed accusantium. Voluptatibus perferendis pariatur quaerat officiis non magnam praesentium.', 0, '2020-04-22 00:17:05', '2020-04-22 00:17:05'),
(199, 35, 'Vivianne Ortiz', 'Sunt non autem consequatur dignissimos voluptatem. Dolore itaque maiores sint repellendus provident aspernatur. Sed ratione itaque exercitationem nemo error. Cumque et vel aliquid voluptas cupiditate et magni.', 3, '2020-04-22 00:17:05', '2020-04-22 00:17:05'),
(200, 3, 'Raven Cummings', 'Necessitatibus omnis sed nihil accusantium consequuntur iusto. Autem hic fugit suscipit qui. Mollitia quasi sed est voluptate soluta quaerat.', 4, '2020-04-22 00:17:05', '2020-04-22 00:17:05'),
(201, 47, 'Marge McGlynn', 'Rerum rerum qui reprehenderit dicta delectus vero aspernatur. Quisquam aut magnam repellat et. Sed est voluptatem aliquid sint. Reprehenderit voluptates velit quasi exercitationem.', 1, '2020-04-22 00:17:05', '2020-04-22 00:17:05'),
(202, 26, 'Jacey Reilly MD', 'Et cumque amet a dignissimos incidunt repellat ad et. Ex consectetur molestiae dolores commodi quia vel saepe. Et omnis totam sit itaque qui impedit. Quis exercitationem est cum molestias iusto.', 5, '2020-04-22 00:17:05', '2020-04-22 00:17:05'),
(203, 21, 'Prof. Carolina Cruickshank DDS', 'Autem ut et officiis rerum. Neque reiciendis et soluta animi ipsam quasi. Esse vel et corrupti rerum autem quisquam eos. Voluptas et dolores assumenda architecto quisquam. Iusto exercitationem voluptatem et autem non quo.', 1, '2020-04-22 00:17:05', '2020-04-22 00:17:05'),
(204, 31, 'Tatyana O\'Hara', 'Tenetur qui ex aliquid a. Voluptas dolores et velit tempore eum blanditiis nisi. Architecto labore voluptas dolores quia. Molestias quos voluptatibus architecto harum.', 4, '2020-04-22 00:17:05', '2020-04-22 00:17:05'),
(205, 43, 'Mrs. Callie Boyle Jr.', 'Repudiandae quo et est consequatur. Unde qui quisquam voluptates sunt sed velit perferendis. Autem ipsa assumenda optio nemo consequatur est.', 2, '2020-04-22 00:17:05', '2020-04-22 00:17:05'),
(206, 34, 'Immanuel Reichert III', 'Corrupti est exercitationem deleniti. Error aliquam modi ut eligendi recusandae eum qui. Distinctio aperiam excepturi maxime aut consequuntur error.', 4, '2020-04-22 00:17:05', '2020-04-22 00:17:05'),
(207, 1, 'Dudley Ortiz DDS', 'Ut minus aut qui animi. Quia ad et corporis ipsum nulla expedita. Esse consequatur in voluptatum magnam.', 4, '2020-04-22 00:17:05', '2020-04-22 00:17:05'),
(208, 4, 'Miss Rachel Smitham I', 'Alias at voluptates aut et eos sequi assumenda. At deleniti et ut saepe quod incidunt. Ut reiciendis nobis non laboriosam voluptatem quia. Itaque et et et sed.', 4, '2020-04-22 00:17:05', '2020-04-22 00:17:05'),
(209, 2, 'Jaida Towne', 'Earum cumque corporis et impedit excepturi. Itaque consequatur ducimus est nisi itaque aliquam non. Quos quos quisquam aut animi. Voluptate sunt possimus alias illum.', 5, '2020-04-22 00:17:05', '2020-04-22 00:17:05');
INSERT INTO `reviews` (`id`, `product_id`, `customer`, `review`, `star`, `created_at`, `updated_at`) VALUES
(210, 10, 'Hailie Orn III', 'Sit quam sint tempora dolor odit nesciunt. Et deserunt quibusdam tenetur sed illum eligendi.', 2, '2020-04-22 00:17:05', '2020-04-22 00:17:05'),
(211, 5, 'Elda Romaguera', 'Dolorem qui aut inventore minima. Assumenda consequatur aliquid suscipit eius. Reprehenderit itaque rerum quia sit natus. Error consectetur consequatur voluptatem dolorem quae nihil debitis. Corrupti quo velit placeat voluptatem reiciendis.', 4, '2020-04-22 00:17:05', '2020-04-22 00:17:05'),
(212, 39, 'Janick Christiansen', 'Nulla distinctio voluptatem sed atque aut. Exercitationem voluptas ipsa est eos. Dolorem omnis iste deserunt laboriosam neque dolores optio. Aspernatur incidunt sit doloremque necessitatibus vel.', 0, '2020-04-22 00:17:05', '2020-04-22 00:17:05'),
(213, 17, 'Richmond Schuppe', 'Culpa dignissimos possimus eaque iure corporis perferendis et. Similique aut nemo sed soluta. Nemo qui cumque nihil quia ex repudiandae.', 0, '2020-04-22 00:17:05', '2020-04-22 00:17:05'),
(214, 16, 'Mrs. Camille Wilderman', 'Asperiores atque quam voluptate qui quasi similique mollitia nihil. Laboriosam placeat ex qui soluta. Labore excepturi non cum quis voluptatem debitis.', 2, '2020-04-22 00:17:05', '2020-04-22 00:17:05'),
(215, 39, 'Presley Corwin', 'Eum voluptas natus suscipit maiores eos aliquam. Eos unde ad recusandae tempore. Reprehenderit magni necessitatibus quo quo.', 5, '2020-04-22 00:17:05', '2020-04-22 00:17:05'),
(216, 3, 'Stanley Greenfelder', 'Blanditiis asperiores ut saepe voluptatibus explicabo eum maiores. Et error perspiciatis ut eum dolores at. Molestiae porro repudiandae libero sunt enim neque. Tempora voluptas nisi et. Molestiae fuga blanditiis et omnis distinctio repudiandae totam.', 2, '2020-04-22 00:17:06', '2020-04-22 00:17:06'),
(217, 38, 'Sonya Breitenberg', 'Sit et et est ad veritatis qui saepe. Est dicta ut voluptatem voluptates eos. Ducimus et necessitatibus iusto et ut veniam. Error est aliquid vitae tenetur mollitia.', 4, '2020-04-22 00:17:06', '2020-04-22 00:17:06'),
(218, 30, 'Ms. Assunta Cummings II', 'Dolorem est minus saepe. Dicta enim non quisquam molestias veniam molestias. Magni a ut voluptatem consectetur.', 3, '2020-04-22 00:17:06', '2020-04-22 00:17:06'),
(219, 24, 'Miss Kristy Frami', 'Accusamus vero libero reiciendis. Enim ut illo tenetur tempora ut et asperiores esse. Minus ut consequuntur quasi minus. Enim veniam libero corporis nihil explicabo facere.', 0, '2020-04-22 00:17:06', '2020-04-22 00:17:06'),
(220, 6, 'Ines Metz', 'Laboriosam error distinctio perferendis consequuntur. Architecto debitis rem officia exercitationem. Quidem eaque et sequi sapiente dicta sed rerum. Ratione consequatur dolor eos possimus magni qui.', 5, '2020-04-22 00:17:06', '2020-04-22 00:17:06'),
(221, 46, 'Miss Amina Gutmann MD', 'Rerum fugiat eos aut. Unde iusto assumenda sed recusandae repudiandae eligendi suscipit molestiae. Culpa quod pariatur sed illo voluptas porro aliquam porro. A labore magni quaerat praesentium accusantium autem. Non sunt consequatur quo sunt cumque sit.', 1, '2020-04-22 00:17:06', '2020-04-22 00:17:06'),
(222, 24, 'Dr. Maverick Cole II', 'Ut modi laudantium corrupti consequuntur ex minima. Ipsum iste architecto sed ut eum vitae. Ullam voluptates minima possimus vero.', 5, '2020-04-22 00:17:06', '2020-04-22 00:17:06'),
(223, 6, 'Dr. Addison Cruickshank PhD', 'Saepe eos a odit ipsa. Esse possimus omnis eum. Nemo quo enim quam. Expedita dicta voluptas optio hic enim sint quod.', 2, '2020-04-22 00:17:06', '2020-04-22 00:17:06'),
(224, 5, 'Luis Hills', 'Facilis atque omnis velit est velit. Optio expedita labore voluptatem voluptatibus ut necessitatibus quisquam.', 0, '2020-04-22 00:17:06', '2020-04-22 00:17:06'),
(225, 48, 'German O\'Connell', 'Beatae sit ipsa modi voluptate fugit eum. Maxime aut nihil nemo qui eum. Saepe omnis voluptas et veniam. Eaque saepe dolor excepturi dignissimos non ex cum.', 1, '2020-04-22 00:17:06', '2020-04-22 00:17:06'),
(226, 48, 'Frankie Collier', 'Quasi nobis nobis eos. Eos quas similique temporibus totam perspiciatis. Qui aliquid esse id et voluptatem excepturi.', 2, '2020-04-22 00:17:06', '2020-04-22 00:17:06'),
(227, 26, 'Prof. Woodrow Harris', 'Provident qui rem ut esse sint numquam impedit sint. Sit qui excepturi et nihil ut. Autem et eligendi sed. At aut eum sunt. Molestiae voluptates et et aliquid.', 3, '2020-04-22 00:17:06', '2020-04-22 00:17:06'),
(228, 17, 'Delphia Hagenes III', 'Sint maxime quo non voluptas. Ut aut fugiat earum nihil. Sint sint qui odio ut. Et qui corporis id soluta. Placeat voluptas id a ut facilis aperiam.', 1, '2020-04-22 00:17:06', '2020-04-22 00:17:06'),
(229, 46, 'Anika Hand', 'Laboriosam dolores velit explicabo vel numquam voluptas asperiores. Illum et quae officia facilis perferendis enim vel cum.', 5, '2020-04-22 00:17:06', '2020-04-22 00:17:06'),
(230, 4, 'Linnie Thiel', 'Modi libero ut est quo. Autem commodi saepe error numquam consequatur nesciunt vero. Commodi modi similique facilis eos officia. In iusto qui quo autem. Veritatis sequi sit a unde qui consequuntur.', 2, '2020-04-22 00:17:06', '2020-04-22 00:17:06'),
(231, 44, 'Tyra Ondricka V', 'Corporis laborum perspiciatis aspernatur tenetur. Distinctio et non et aperiam velit reprehenderit fugit. Error minima est dolor molestias consectetur consectetur culpa.', 4, '2020-04-22 00:17:06', '2020-04-22 00:17:06'),
(232, 4, 'Hilario Windler', 'Exercitationem doloribus at ratione dolor. Maiores repellat natus beatae dolorem voluptatum minus. Rem vitae totam itaque id qui. Explicabo suscipit sint doloremque architecto aut reiciendis.', 3, '2020-04-22 00:17:07', '2020-04-22 00:17:07'),
(233, 26, 'Penelope Schmeler', 'Sapiente et sapiente corrupti nihil reiciendis ut iste. Fuga sit id omnis aperiam distinctio. Officiis commodi quisquam corrupti ipsa aut blanditiis aliquam nostrum. Eius recusandae vero aliquid.', 0, '2020-04-22 00:17:07', '2020-04-22 00:17:07'),
(234, 21, 'Dedrick Zemlak I', 'Non at accusantium repudiandae inventore deserunt voluptas et. Sunt commodi doloremque sed possimus commodi possimus autem. Error delectus velit fuga ut laborum perferendis fugit.', 0, '2020-04-22 00:17:07', '2020-04-22 00:17:07'),
(235, 26, 'Trever Wiegand', 'Asperiores perferendis ex aut aut. Ut sint et aut magnam sint sint voluptatem.', 4, '2020-04-22 00:17:07', '2020-04-22 00:17:07'),
(236, 29, 'Barrett Weissnat', 'Deleniti qui animi amet consequatur tempora vero aut nulla. Nisi praesentium consectetur magnam amet. Qui voluptatem iste placeat qui totam quis. Nesciunt vel est est non voluptate aut eaque.', 1, '2020-04-22 00:17:07', '2020-04-22 00:17:07'),
(237, 31, 'Juliana Cronin', 'Beatae repellendus necessitatibus eligendi consectetur aspernatur. Explicabo eligendi quisquam ex autem debitis itaque asperiores nulla. Ut quis amet autem et ut quae at. Perferendis ipsa dolore ratione est est. Voluptates commodi autem perspiciatis eum aut earum optio.', 2, '2020-04-22 00:17:07', '2020-04-22 00:17:07'),
(238, 20, 'Patrick Reichel III', 'Debitis ut quis ea dolores modi velit. Temporibus omnis maiores impedit sed ut sint. Est consequatur reprehenderit et quod et. Et in maxime nostrum temporibus quos.', 0, '2020-04-22 00:17:07', '2020-04-22 00:17:07'),
(239, 3, 'Malika Crooks', 'Omnis aliquam totam est suscipit maiores ducimus aut. Dignissimos ut quae quo velit quidem iste. Nihil ad at qui mollitia repudiandae atque iure.', 3, '2020-04-22 00:17:07', '2020-04-22 00:17:07'),
(240, 39, 'Ms. Lacy Parisian', 'Nihil animi quis ut iusto atque. Assumenda amet aut itaque illo. Quas nisi nisi aut minus eum. Qui tenetur consectetur molestias possimus nemo aut.', 5, '2020-04-22 00:17:07', '2020-04-22 00:17:07'),
(241, 8, 'Kelsi Cartwright', 'Dignissimos soluta quidem error mollitia ducimus rem tenetur. Velit iste incidunt id id rerum qui in et. Maxime iure consequatur fugiat occaecati. Nisi aut autem eveniet recusandae qui eveniet dolores.', 5, '2020-04-22 00:17:07', '2020-04-22 00:17:07'),
(242, 6, 'Shania Barton', 'Tenetur magnam necessitatibus et sunt consequatur atque dolor. Minima quia iure dolore incidunt. Ducimus iste dolorem facere veritatis. Facilis quas vel quia consectetur tempora qui. Et officiis iusto at voluptatem asperiores sit.', 2, '2020-04-22 00:17:07', '2020-04-22 00:17:07'),
(243, 43, 'Zackary Tremblay', 'Molestiae sequi et reprehenderit officiis. Eos ea similique delectus nihil. Omnis rerum fugiat reiciendis consequatur ipsam accusantium voluptatum. Ipsum aut quis quia et.', 4, '2020-04-22 00:17:07', '2020-04-22 00:17:07'),
(244, 14, 'Bianka Kuphal', 'Sapiente ab perspiciatis consequatur tenetur sed tenetur. Omnis facilis ut voluptates. Veniam quis ut rerum omnis. Debitis dolore asperiores odio recusandae architecto.', 3, '2020-04-22 00:17:08', '2020-04-22 00:17:08'),
(245, 19, 'Aubrey Bruen', 'Recusandae dolores dolores et dolor eaque ad. Totam neque amet eos non laboriosam. Nostrum veniam eaque officia rem vero quis ea et.', 0, '2020-04-22 00:17:08', '2020-04-22 00:17:08'),
(246, 4, 'Willard O\'Kon', 'Voluptates totam et cupiditate sapiente quae. Commodi quia maxime officiis nobis dolorum hic et. Alias illo nemo eum id est est. Et eos ut quis et.', 1, '2020-04-22 00:17:08', '2020-04-22 00:17:08'),
(247, 18, 'Shawn Wiza', 'Ut ea voluptas deleniti amet cumque. Dolorum incidunt voluptate sed odio tempore voluptatem. Ut sapiente excepturi qui distinctio eum est voluptate. Magnam itaque veritatis molestias praesentium.', 2, '2020-04-22 00:17:08', '2020-04-22 00:17:08'),
(248, 47, 'Ms. Samanta Davis DVM', 'Non facere et aut molestiae autem architecto. Optio aut harum voluptate placeat praesentium consectetur. Ipsa molestiae tenetur molestiae. Qui id quibusdam in cupiditate rerum.', 5, '2020-04-22 00:17:08', '2020-04-22 00:17:08'),
(249, 16, 'Travon Satterfield', 'Praesentium qui animi sunt incidunt. Eius tempore accusamus repellendus ducimus vitae. Ea omnis non voluptas maxime voluptas aliquam magnam odit. Repellat sed autem rerum sit atque officiis molestiae nemo.', 1, '2020-04-22 00:17:08', '2020-04-22 00:17:08'),
(250, 36, 'Shawna Rosenbaum', 'Fuga dolores recusandae quis praesentium. Ut minima quia sed voluptate. Amet sunt vero maxime nostrum possimus consectetur.', 0, '2020-04-22 00:17:08', '2020-04-22 00:17:08'),
(251, 17, 'Fermin Bednar', 'Velit quasi quo et. Doloremque repellendus sed similique et aut doloremque qui. Laborum tenetur aut vel saepe autem non.', 2, '2020-04-22 00:17:08', '2020-04-22 00:17:08'),
(252, 33, 'Obie Lind', 'Vitae rerum voluptate nostrum quisquam sit aliquam id voluptatibus. Natus reiciendis mollitia dolore laboriosam. In fugiat doloremque saepe. Aut atque et nam eos aut eligendi.', 3, '2020-04-22 00:17:08', '2020-04-22 00:17:08'),
(253, 8, 'Mr. Jaden Little II', 'Nemo id qui in libero natus. Necessitatibus non assumenda nihil qui quia. Harum exercitationem qui possimus. Officiis numquam iure illo adipisci.', 0, '2020-04-22 00:17:08', '2020-04-22 00:17:08'),
(254, 48, 'Dr. Winnifred Wisozk V', 'Velit sint ut ipsa. Aliquam sed consequatur vitae voluptas unde nesciunt. Deserunt consequatur aut in vel.', 4, '2020-04-22 00:17:08', '2020-04-22 00:17:08'),
(255, 24, 'Darian Heathcote PhD', 'Recusandae aut fugit quis nihil. Accusantium dignissimos iure et non ad totam. Qui id quibusdam necessitatibus facere et excepturi omnis. Exercitationem voluptatum illum quae vero consequatur ea blanditiis.', 5, '2020-04-22 00:17:08', '2020-04-22 00:17:08'),
(256, 27, 'Felipe Marks', 'Possimus qui excepturi omnis repudiandae ullam. Minus qui quam earum deserunt. Est non rerum est. Et soluta dolorem et sit.', 2, '2020-04-22 00:17:08', '2020-04-22 00:17:08'),
(257, 37, 'Ms. Raquel Bruen', 'Soluta suscipit quae aut aliquid consequatur. Alias id optio quia neque labore. Quia fugiat perferendis rem non asperiores.', 0, '2020-04-22 00:17:08', '2020-04-22 00:17:08'),
(258, 20, 'Vincenza Bradtke', 'Nihil reprehenderit qui nobis dignissimos eum id. Sit impedit nostrum atque culpa qui vitae. Qui impedit suscipit sed ipsam fuga. Ad corrupti quaerat incidunt quaerat voluptas aut incidunt.', 1, '2020-04-22 00:17:08', '2020-04-22 00:17:08'),
(259, 17, 'Dr. Hilbert Paucek II', 'Magni dicta enim quo ratione omnis laudantium. Perspiciatis soluta facere error commodi placeat pariatur.', 1, '2020-04-22 00:17:08', '2020-04-22 00:17:08'),
(260, 1, 'Austin Treutel', 'Ratione fugit nobis minima cumque et laborum qui. Et qui dolores similique doloremque dolores voluptas ex.', 1, '2020-04-22 00:17:08', '2020-04-22 00:17:08'),
(261, 31, 'Ezra Sauer', 'Non qui aperiam voluptatem officiis beatae. Ea cupiditate adipisci non quia dolor esse tempore. Atque tenetur repudiandae ex reprehenderit fugit rerum omnis.', 1, '2020-04-22 00:17:08', '2020-04-22 00:17:08'),
(262, 3, 'Miss Lilly Bernier DDS', 'Omnis temporibus ullam rerum accusantium nam. Inventore ullam consequatur tempora est exercitationem nesciunt inventore. Natus hic adipisci sed eos ut. Officia minus voluptas maxime.', 2, '2020-04-22 00:17:08', '2020-04-22 00:17:08'),
(263, 32, 'Ms. Freeda Spinka Sr.', 'Recusandae et rem quia aperiam quisquam sit. Quibusdam repellat repellat omnis. Voluptatem quisquam et cum ipsam aut assumenda et.', 2, '2020-04-22 00:17:08', '2020-04-22 00:17:08'),
(264, 18, 'Mr. Orion McLaughlin DVM', 'Odit assumenda est blanditiis. Ea et quidem et odit ipsam qui aperiam.', 5, '2020-04-22 00:17:08', '2020-04-22 00:17:08'),
(265, 29, 'Marilou Frami', 'Nesciunt ratione tenetur et est. Perspiciatis quibusdam earum veniam quod. Minima alias delectus dignissimos veritatis eius.', 5, '2020-04-22 00:17:08', '2020-04-22 00:17:08'),
(266, 49, 'Rosanna Williamson', 'Tenetur rerum sequi a sequi esse est. Sint magnam aut facilis dicta nihil adipisci quis.', 0, '2020-04-22 00:17:08', '2020-04-22 00:17:08'),
(267, 35, 'Raheem Mayert IV', 'Velit dignissimos est quis officia dolorum officia. Cum et a ad possimus id architecto.', 4, '2020-04-22 00:17:08', '2020-04-22 00:17:08'),
(268, 36, 'Steve Leannon', 'Praesentium qui non exercitationem repellat incidunt est vitae necessitatibus. Maxime laborum dolores consectetur sed. In ex quasi omnis id excepturi. Nisi fuga molestias rerum sit. Mollitia enim et magni velit delectus nesciunt quia.', 3, '2020-04-22 00:17:08', '2020-04-22 00:17:08'),
(269, 13, 'Dolly Mosciski DVM', 'Fuga rerum corporis et aperiam sapiente. Deserunt debitis amet enim aliquam est voluptatem. Nam earum nesciunt quidem aut quo et.', 1, '2020-04-22 00:17:08', '2020-04-22 00:17:08'),
(270, 8, 'Devan Wehner', 'Reprehenderit perspiciatis ut quis eum aliquam. Dolorem atque perspiciatis eligendi optio ratione rerum nostrum. Non voluptatem ab magnam officia voluptas dolores et. Exercitationem ea ut quo.', 3, '2020-04-22 00:17:08', '2020-04-22 00:17:08'),
(271, 26, 'Allen Torphy', 'Eaque dolores repudiandae impedit rem. Mollitia accusamus sed sed. Rerum sed id vel aut.', 5, '2020-04-22 00:17:08', '2020-04-22 00:17:08'),
(272, 34, 'Micah Boyer', 'Quisquam saepe ab qui velit. Repellat voluptatem quis est est velit animi sit. Iste quidem dignissimos minus molestiae asperiores.', 1, '2020-04-22 00:17:08', '2020-04-22 00:17:08'),
(273, 45, 'Brennon Mohr', 'Atque veritatis omnis quidem aspernatur. Aliquid beatae ut aut quia aperiam et aliquam. Et ex tenetur animi. Doloremque laboriosam consequatur nihil ducimus commodi assumenda.', 4, '2020-04-22 00:17:08', '2020-04-22 00:17:08'),
(274, 7, 'Vergie Nicolas', 'Modi a aperiam voluptates et facilis mollitia. Cupiditate beatae quis dolor culpa placeat voluptas. Eum qui possimus quia aut eos fuga. Et dolores sunt temporibus non veniam.', 2, '2020-04-22 00:17:09', '2020-04-22 00:17:09'),
(275, 5, 'Juanita Bashirian', 'Facilis atque et fugiat molestiae commodi optio quae rem. Aut rerum vel fugiat voluptatum aut necessitatibus sit cumque.', 2, '2020-04-22 00:17:09', '2020-04-22 00:17:09'),
(276, 33, 'Ashton Murray', 'Sed eum et nulla. Voluptas tempore sapiente voluptatibus possimus vero. Necessitatibus sapiente culpa et id. Alias doloribus atque architecto natus iste vitae. Ad incidunt libero modi id.', 1, '2020-04-22 00:17:09', '2020-04-22 00:17:09'),
(277, 42, 'Prof. Donnell Pagac', 'Sed et eum ut nemo inventore et fugiat qui. Odio itaque cum occaecati adipisci. Et quasi veritatis repellendus odio pariatur ipsum modi. Non soluta amet culpa aut.', 1, '2020-04-22 00:17:09', '2020-04-22 00:17:09'),
(278, 17, 'Miss Cora Weissnat Jr.', 'Animi omnis praesentium laudantium rerum sed temporibus tenetur. Aut saepe vel dolorem sint vel quibusdam.', 5, '2020-04-22 00:17:09', '2020-04-22 00:17:09'),
(279, 1, 'Armand Dickens', 'Sit quidem id amet nam quia voluptatum et et. Fuga qui hic consequatur eius sit. Ipsam rem vitae sed quia maiores adipisci.', 4, '2020-04-22 00:17:09', '2020-04-22 00:17:09'),
(280, 48, 'Trudie Gusikowski', 'Ut provident voluptatum et eius. Ut totam ratione quidem mollitia quia animi perspiciatis nihil. Molestiae quis consequatur cum quod. Ex repudiandae excepturi iure velit aut ab.', 2, '2020-04-22 00:17:09', '2020-04-22 00:17:09'),
(281, 47, 'Dr. Jensen Bahringer PhD', 'Non fugiat soluta reprehenderit maiores earum. Perspiciatis soluta et error nihil. Et debitis voluptate commodi numquam nisi.', 0, '2020-04-22 00:17:09', '2020-04-22 00:17:09'),
(282, 30, 'Toni Ullrich', 'Beatae quaerat repellendus impedit cumque aut ipsum. Laudantium quia unde eos expedita. Excepturi explicabo incidunt ullam nulla distinctio.', 5, '2020-04-22 00:17:09', '2020-04-22 00:17:09'),
(283, 4, 'Jordane Collier', 'Minus recusandae aut temporibus asperiores animi consequuntur aspernatur. Voluptatum maxime temporibus quo est qui. Iure et mollitia magnam expedita veniam.', 3, '2020-04-22 00:17:09', '2020-04-22 00:17:09'),
(284, 48, 'Rosa Hermann', 'Minima est deleniti asperiores dolores architecto. Mollitia optio enim quos ut. Rerum ut nostrum nemo necessitatibus id.', 4, '2020-04-22 00:17:09', '2020-04-22 00:17:09'),
(285, 42, 'Freeda Hintz', 'Dolor eos dolorem quae asperiores qui qui. Quia sunt quaerat ratione eum inventore consectetur. Qui doloribus facere nulla et. Dolor sit et voluptatem ut ducimus veniam libero itaque.', 3, '2020-04-22 00:17:09', '2020-04-22 00:17:09'),
(286, 10, 'Prof. Shea Ferry II', 'Illum aspernatur quidem est sit quisquam cum dolor cumque. Maxime libero dolores maiores nulla aut sapiente perferendis. Beatae et facere et laboriosam tenetur. Magni labore porro error quasi.', 4, '2020-04-22 00:17:09', '2020-04-22 00:17:09'),
(287, 42, 'Mrs. Barbara Schiller II', 'Molestias qui modi laboriosam. Accusamus facilis voluptatum nostrum rerum doloribus. Consequuntur est repellat voluptate fugit non eius.', 3, '2020-04-22 00:17:09', '2020-04-22 00:17:09'),
(288, 28, 'Mr. Immanuel Effertz PhD', 'Id mollitia enim eligendi. Eius impedit molestias ut maxime et assumenda. Facere qui dicta quia et. Aut illo sunt est impedit dolor.', 3, '2020-04-22 00:17:09', '2020-04-22 00:17:09'),
(289, 30, 'Jaron Turcotte', 'Sint asperiores omnis corrupti. Necessitatibus nihil ducimus est dolorum est voluptatibus. Voluptatibus repellat enim perspiciatis perspiciatis est dolores modi qui. Est voluptatem cum quia laudantium dolorem ut accusamus.', 5, '2020-04-22 00:17:09', '2020-04-22 00:17:09'),
(290, 2, 'Stacy Ferry DVM', 'Nam aut sit mollitia eum maxime qui. Sint voluptatem voluptates quos iste ipsa non. Sed in tempore voluptatem minima facere nobis. Consequatur ipsa quia officia qui id necessitatibus.', 0, '2020-04-22 00:17:09', '2020-04-22 00:17:09'),
(291, 21, 'Lloyd Corkery II', 'Non alias sequi temporibus animi. Vitae illo repellat assumenda rerum veniam. Quasi earum vitae maiores consequatur deleniti cumque officiis. Quos aut rerum non nobis quisquam.', 3, '2020-04-22 00:17:09', '2020-04-22 00:17:09'),
(292, 18, 'Isom Collins', 'Ullam ab aliquam sapiente ipsam sed. Eos iusto dolores praesentium. Omnis aperiam dolorum eos voluptas voluptatem. Assumenda et commodi dolorum non consectetur nulla.', 2, '2020-04-22 00:17:09', '2020-04-22 00:17:09'),
(293, 10, 'Oswald Hansen II', 'Veritatis eos enim accusamus sed culpa atque. Ipsam maxime sint voluptatem corrupti inventore vero aut. Doloremque voluptas fugiat qui quas. Corporis repellendus velit iure accusamus quasi.', 0, '2020-04-22 00:17:09', '2020-04-22 00:17:09'),
(294, 3, 'Ashly Bergnaum', 'Sunt enim blanditiis sapiente consequatur eos nesciunt debitis. Id molestiae natus qui est iure asperiores. Tempora non rerum ipsam enim. Voluptas sit quasi perferendis et.', 3, '2020-04-22 00:17:09', '2020-04-22 00:17:09'),
(295, 32, 'Madisyn Hackett', 'Ut vel reiciendis cupiditate deleniti fugiat eveniet officia. Incidunt quidem mollitia quia nostrum aliquid omnis. Voluptas et molestias molestiae sequi delectus. Nostrum quia aliquid suscipit illum voluptas voluptate similique unde. Quidem assumenda enim quia illum.', 5, '2020-04-22 00:17:09', '2020-04-22 00:17:09'),
(296, 23, 'Lucio Moore', 'Tempora velit quis rem nulla dolores. Ut quo minima esse est ea alias. Neque consequatur doloremque autem aliquam et quos consequatur. Non sapiente dolor aut impedit omnis.', 5, '2020-04-22 00:17:09', '2020-04-22 00:17:09'),
(297, 22, 'Prof. Alisa O\'Kon IV', 'Tempora voluptatem iusto explicabo aut deleniti assumenda. Assumenda velit nihil aut autem magnam modi necessitatibus. Sit delectus et quos et illo eius laudantium. Rerum placeat et quaerat itaque asperiores. Libero possimus commodi sed perspiciatis eligendi consequatur odio.', 5, '2020-04-22 00:17:09', '2020-04-22 00:17:09'),
(298, 21, 'Dr. Magdalen Mitchell V', 'Laborum sed ipsum rerum sit unde rerum. Molestiae occaecati voluptate est nihil ut nulla.', 1, '2020-04-22 00:17:09', '2020-04-22 00:17:09'),
(299, 24, 'Cynthia Toy', 'Doloribus omnis laborum excepturi cum enim est. Perferendis ut incidunt pariatur vero neque nam. Eos et nemo animi deserunt ipsum.', 2, '2020-04-22 00:17:09', '2020-04-22 00:17:09'),
(300, 32, 'Dr. Wilfredo Wyman V', 'Doloremque ab consequatur dignissimos aut quas et eum. Omnis et ipsa aut.', 3, '2020-04-22 00:17:09', '2020-04-22 00:17:09');

-- --------------------------------------------------------

--
-- Structure de la table `users`
--

CREATE TABLE `users` (
  `id` bigint(20) UNSIGNED NOT NULL,
  `name` varchar(255) COLLATE utf8mb4_unicode_ci NOT NULL,
  `email` varchar(255) COLLATE utf8mb4_unicode_ci NOT NULL,
  `email_verified_at` timestamp NULL DEFAULT NULL,
  `password` varchar(255) COLLATE utf8mb4_unicode_ci NOT NULL,
  `remember_token` varchar(100) COLLATE utf8mb4_unicode_ci DEFAULT NULL,
  `created_at` timestamp NULL DEFAULT NULL,
  `updated_at` timestamp NULL DEFAULT NULL
) ENGINE=InnoDB DEFAULT CHARSET=utf8mb4 COLLATE=utf8mb4_unicode_ci;

--
-- Index pour les tables déchargées
--

--
-- Index pour la table `failed_jobs`
--
ALTER TABLE `failed_jobs`
  ADD PRIMARY KEY (`id`);

--
-- Index pour la table `migrations`
--
ALTER TABLE `migrations`
  ADD PRIMARY KEY (`id`);

--
-- Index pour la table `products`
--
ALTER TABLE `products`
  ADD PRIMARY KEY (`id`);

--
-- Index pour la table `reviews`
--
ALTER TABLE `reviews`
  ADD PRIMARY KEY (`id`),
  ADD KEY `reviews_product_id_index` (`product_id`);

--
-- Index pour la table `users`
--
ALTER TABLE `users`
  ADD PRIMARY KEY (`id`),
  ADD UNIQUE KEY `users_email_unique` (`email`);

--
-- AUTO_INCREMENT pour les tables déchargées
--

--
-- AUTO_INCREMENT pour la table `failed_jobs`
--
ALTER TABLE `failed_jobs`
  MODIFY `id` bigint(20) UNSIGNED NOT NULL AUTO_INCREMENT;

--
-- AUTO_INCREMENT pour la table `migrations`
--
ALTER TABLE `migrations`
  MODIFY `id` int(10) UNSIGNED NOT NULL AUTO_INCREMENT, AUTO_INCREMENT=5;

--
-- AUTO_INCREMENT pour la table `products`
--
ALTER TABLE `products`
  MODIFY `id` int(10) UNSIGNED NOT NULL AUTO_INCREMENT, AUTO_INCREMENT=51;

--
-- AUTO_INCREMENT pour la table `reviews`
--
ALTER TABLE `reviews`
  MODIFY `id` int(10) UNSIGNED NOT NULL AUTO_INCREMENT, AUTO_INCREMENT=301;

--
-- AUTO_INCREMENT pour la table `users`
--
ALTER TABLE `users`
  MODIFY `id` bigint(20) UNSIGNED NOT NULL AUTO_INCREMENT;

--
-- Contraintes pour les tables déchargées
--

--
-- Contraintes pour la table `reviews`
--
ALTER TABLE `reviews`
  ADD CONSTRAINT `reviews_product_id_foreign` FOREIGN KEY (`product_id`) REFERENCES `products` (`id`) ON DELETE CASCADE;
COMMIT;

/*!40101 SET CHARACTER_SET_CLIENT=@OLD_CHARACTER_SET_CLIENT */;
/*!40101 SET CHARACTER_SET_RESULTS=@OLD_CHARACTER_SET_RESULTS */;
/*!40101 SET COLLATION_CONNECTION=@OLD_COLLATION_CONNECTION */;
